checking_account_status,duration_months,credit_history,purpose,credit_amount,savings_account,employment_since,installment_rate_pct,personal_status_sex,other_debtors,residence_since,property,age,other_installment_plans,housing,existing_credits,job,num_dependents,telephone,foreign_worker,target
<0 DM,6,kritik hesap,radyo/TV,1169,bilinmiyor,>=7 yil,4,A93,A101,4,A121,67,A143,kendi evi,2,vasifli,1,A192,A201,0
0-200 DM,48,simdiye odendi,radyo/TV,5951,<100 DM,1-4 yil,2,A92,A101,2,A121,22,A143,kendi evi,1,vasifli,1,A191,A201,1
hesap yok,12,kritik hesap,egitim,2096,<100 DM,4-7 yil,2,A93,A101,3,A121,49,A143,kendi evi,1,vasifsiz-yerlesik,2,A191,A201,0
<0 DM,42,simdiye odendi,mobilya,7882,<100 DM,4-7 yil,2,A93,A103,4,A122,45,A143,ucretsiz,1,vasifli,2,A191,A201,0
<0 DM,24,gecmiste gecikme,araba(yeni),4870,<100 DM,1-4 yil,3,A93,A101,4,A124,53,A143,ucretsiz,2,vasifli,2,A191,A201,1
hesap yok,36,simdiye odendi,egitim,9055,bilinmiyor,1-4 yil,2,A93,A101,4,A124,35,A143,ucretsiz,1,vasifsiz-yerlesik,2,A192,A201,0
hesap yok,24,simdiye odendi,mobilya,2835,500-1000 DM,>=7 yil,3,A93,A101,4,A122,53,A143,kendi evi,1,vasifli,1,A191,A201,0
0-200 DM,36,simdiye odendi,araba(eski),6948,<100 DM,1-4 yil,2,A93,A101,2,A123,35,A143,kira,1,yonetici/uzman,1,A192,A201,0
hesap yok,12,simdiye odendi,radyo/TV,3059,>=1000 DM,4-7 yil,2,A91,A101,4,A121,61,A143,kendi evi,1,vasifsiz-yerlesik,1,A191,A201,0
0-200 DM,30,kritik hesap,araba(yeni),5234,<100 DM,issiz,4,A94,A101,2,A123,28,A143,kendi evi,2,yonetici/uzman,1,A191,A201,1
0-200 DM,12,simdiye odendi,araba(yeni),1295,<100 DM,<1 yil,3,A92,A101,1,A123,25,A143,kira,1,vasifli,1,A191,A201,1
<0 DM,48,simdiye odendi,is,4308,<100 DM,<1 yil,3,A92,A101,4,A122,24,A143,kira,1,vasifli,1,A191,A201,1
0-200 DM,12,simdiye odendi,radyo/TV,1567,<100 DM,1-4 yil,1,A92,A101,1,A123,22,A143,kendi evi,1,vasifli,1,A192,A201,0
<0 DM,24,kritik hesap,araba(yeni),1199,<100 DM,>=7 yil,4,A93,A101,4,A123,60,A143,kendi evi,2,vasifsiz-yerlesik,1,A191,A201,1
<0 DM,15,simdiye odendi,araba(yeni),1403,<100 DM,1-4 yil,2,A92,A101,4,A123,28,A143,kira,1,vasifli,1,A191,A201,0
<0 DM,24,simdiye odendi,radyo/TV,1282,100-500 DM,1-4 yil,4,A92,A101,2,A123,32,A143,kendi evi,1,vasifsiz-yerlesik,1,A191,A201,1
hesap yok,24,kritik hesap,radyo/TV,2424,bilinmiyor,>=7 yil,4,A93,A101,4,A122,53,A143,kendi evi,2,vasifli,1,A191,A201,0
<0 DM,30,kredi yok/hepsi odendi,is,8072,bilinmiyor,<1 yil,2,A93,A101,3,A123,25,A141,kendi evi,3,vasifli,1,A191,A201,0
0-200 DM,24,simdiye odendi,araba(eski),12579,<100 DM,>=7 yil,4,A92,A101,2,A124,44,A143,ucretsiz,1,yonetici/uzman,1,A192,A201,1
hesap yok,24,simdiye odendi,radyo/TV,3430,500-1000 DM,>=7 yil,3,A93,A101,2,A123,31,A143,kendi evi,1,vasifli,2,A192,A201,0
hesap yok,9,kritik hesap,araba(yeni),2134,<100 DM,1-4 yil,4,A93,A101,4,A123,48,A143,kendi evi,3,vasifli,1,A192,A201,0
<0 DM,6,simdiye odendi,radyo/TV,2647,500-1000 DM,1-4 yil,2,A93,A101,3,A121,44,A143,kira,1,vasifli,2,A191,A201,0
<0 DM,10,kritik hesap,araba(yeni),2241,<100 DM,<1 yil,1,A93,A101,3,A121,48,A143,kira,2,vasifsiz-yerlesik,2,A191,A202,0
0-200 DM,12,kritik hesap,araba(eski),1804,100-500 DM,<1 yil,3,A93,A101,4,A122,44,A143,kendi evi,1,vasifli,1,A191,A201,0
hesap yok,10,kritik hesap,mobilya,2069,bilinmiyor,1-4 yil,2,A94,A101,1,A123,26,A143,kendi evi,2,vasifli,1,A191,A202,0
<0 DM,6,simdiye odendi,mobilya,1374,<100 DM,1-4 yil,1,A93,A101,2,A121,36,A141,kendi evi,1,vasifsiz-yerlesik,1,A192,A201,0
hesap yok,6,kredi yok/hepsi odendi,radyo/TV,426,<100 DM,>=7 yil,4,A94,A101,4,A123,39,A143,kendi evi,1,vasifsiz-yerlesik,1,A191,A201,0
>=200 DM,12,bu bankada odendi,radyo/TV,409,>=1000 DM,1-4 yil,3,A92,A101,3,A121,42,A143,kira,2,vasifli,1,A191,A201,0
0-200 DM,7,simdiye odendi,radyo/TV,2415,<100 DM,1-4 yil,3,A93,A103,2,A121,34,A143,kendi evi,1,vasifli,1,A191,A201,0
<0 DM,60,gecmiste gecikme,is,6836,<100 DM,>=7 yil,3,A93,A101,4,A124,63,A143,kendi evi,2,vasifli,1,A192,A201,1
0-200 DM,18,simdiye odendi,is,1913,>=1000 DM,<1 yil,3,A94,A101,3,A121,36,A141,kendi evi,1,vasifli,1,A192,A201,0
<0 DM,24,simdiye odendi,mobilya,4020,<100 DM,1-4 yil,2,A93,A101,2,A123,27,A142,kendi evi,1,vasifli,1,A191,A201,0
0-200 DM,18,simdiye odendi,araba(yeni),5866,100-500 DM,1-4 yil,2,A93,A101,2,A123,30,A143,kendi evi,2,vasifli,1,A192,A201,0
hesap yok,12,kritik hesap,is,1264,bilinmiyor,>=7 yil,4,A93,A101,4,A124,57,A143,kira,1,vasifsiz-yerlesik,1,A191,A201,0
>=200 DM,12,simdiye odendi,mobilya,1474,<100 DM,<1 yil,4,A92,A101,1,A122,33,A141,kendi evi,1,yonetici/uzman,1,A192,A201,0
0-200 DM,45,kritik hesap,radyo/TV,4746,<100 DM,<1 yil,4,A93,A101,2,A122,25,A143,kendi evi,2,vasifsiz-yerlesik,1,A191,A201,1
hesap yok,48,kritik hesap,egitim,6110,<100 DM,1-4 yil,1,A93,A101,3,A124,31,A141,ucretsiz,1,vasifli,1,A192,A201,0
>=200 DM,18,simdiye odendi,radyo/TV,2100,<100 DM,1-4 yil,4,A93,A102,2,A121,37,A142,kendi evi,1,vasifli,1,A191,A201,1
>=200 DM,10,simdiye odendi,ev aleti,1225,<100 DM,1-4 yil,2,A93,A101,2,A123,37,A143,kendi evi,1,vasifli,1,A192,A201,0
0-200 DM,9,simdiye odendi,radyo/TV,458,<100 DM,1-4 yil,4,A93,A101,3,A121,24,A143,kendi evi,1,vasifli,1,A191,A201,0
hesap yok,30,simdiye odendi,radyo/TV,2333,500-1000 DM,>=7 yil,4,A93,A101,2,A123,30,A141,kendi evi,1,yonetici/uzman,1,A191,A201,0
0-200 DM,12,simdiye odendi,radyo/TV,1158,500-1000 DM,1-4 yil,3,A91,A101,1,A123,26,A143,kendi evi,1,vasifli,1,A192,A201,0
0-200 DM,18,gecmiste gecikme,tamirat,6204,<100 DM,1-4 yil,2,A93,A101,4,A121,44,A143,kendi evi,1,vasifsiz-yerlesik,2,A192,A201,0
<0 DM,30,kritik hesap,araba(eski),6187,100-500 DM,4-7 yil,1,A94,A101,4,A123,24,A143,kira,2,vasifli,1,A191,A201,0
<0 DM,48,kritik hesap,araba(eski),6143,<100 DM,>=7 yil,4,A92,A101,4,A124,58,A142,ucretsiz,2,vasifsiz-yerlesik,1,A191,A201,1
hesap yok,11,kritik hesap,araba(yeni),1393,<100 DM,<1 yil,4,A92,A101,4,A123,35,A143,kendi evi,2,yonetici/uzman,1,A191,A201,0
hesap yok,36,simdiye odendi,radyo/TV,2299,500-1000 DM,>=7 yil,4,A93,A101,4,A123,39,A143,kendi evi,1,vasifli,1,A191,A201,0
<0 DM,6,simdiye odendi,araba(eski),1352,500-1000 DM,issiz,1,A92,A101,2,A122,23,A143,kira,1,issiz/vasifsiz,1,A192,A201,0
hesap yok,11,kritik hesap,araba(yeni),7228,<100 DM,1-4 yil,1,A93,A101,4,A122,39,A143,kendi evi,2,vasifsiz-yerlesik,1,A191,A201,0
hesap yok,12,simdiye odendi,radyo/TV,2073,100-500 DM,1-4 yil,4,A92,A102,2,A121,28,A143,kendi evi,1,vasifli,1,A191,A201,0
0-200 DM,24,gecmiste gecikme,mobilya,2333,bilinmiyor,<1 yil,4,A93,A101,2,A122,29,A141,kendi evi,1,vasifsiz-yerlesik,1,A191,A201,0
0-200 DM,27,gecmiste gecikme,araba(eski),5965,<100 DM,>=7 yil,1,A93,A101,2,A123,30,A143,kendi evi,2,yonetici/uzman,1,A192,A201,0
hesap yok,12,simdiye odendi,radyo/TV,1262,<100 DM,1-4 yil,3,A93,A101,2,A123,25,A143,kendi evi,1,vasifli,1,A191,A201,0
hesap yok,18,simdiye odendi,araba(eski),3378,bilinmiyor,1-4 yil,2,A93,A101,1,A122,31,A143,kendi evi,1,vasifli,1,A192,A201,0
0-200 DM,36,gecmiste gecikme,araba(yeni),2225,<100 DM,>=7 yil,4,A93,A101,4,A124,57,A141,ucretsiz,2,vasifli,1,A192,A201,1
hesap yok,6,bu bankada odendi,araba(yeni),783,bilinmiyor,1-4 yil,1,A93,A103,2,A121,26,A142,kendi evi,1,vasifsiz-yerlesik,2,A191,A201,0
0-200 DM,12,simdiye odendi,radyo/TV,6468,bilinmiyor,issiz,2,A93,A101,1,A124,52,A143,kendi evi,1,yonetici/uzman,1,A192,A201,1
hesap yok,36,kritik hesap,radyo/TV,9566,<100 DM,1-4 yil,2,A92,A101,2,A123,31,A142,kendi evi,2,vasifli,1,A191,A201,0
>=200 DM,18,simdiye odendi,araba(yeni),1961,<100 DM,>=7 yil,3,A92,A101,2,A123,23,A143,kendi evi,1,yonetici/uzman,1,A191,A201,0
<0 DM,36,kritik hesap,mobilya,6229,<100 DM,<1 yil,4,A92,A102,4,A124,23,A143,kira,2,vasifsiz-yerlesik,1,A192,A201,1
0-200 DM,9,simdiye odendi,is,1391,<100 DM,1-4 yil,2,A94,A101,1,A121,27,A141,kendi evi,1,vasifli,1,A192,A201,0
0-200 DM,15,kritik hesap,radyo/TV,1537,bilinmiyor,>=7 yil,4,A93,A103,4,A121,50,A143,kendi evi,2,vasifli,1,A192,A201,0
0-200 DM,36,kredi yok/hepsi odendi,is,1953,<100 DM,>=7 yil,4,A93,A101,4,A124,61,A143,ucretsiz,1,yonetici/uzman,1,A192,A201,1
0-200 DM,48,kredi yok/hepsi odendi,is,14421,<100 DM,1-4 yil,2,A93,A101,2,A123,25,A143,kendi evi,1,vasifli,1,A192,A201,1
hesap yok,24,simdiye odendi,radyo/TV,3181,<100 DM,<1 yil,4,A92,A101,4,A122,26,A143,kendi evi,1,vasifli,1,A192,A201,0
hesap yok,27,simdiye odendi,tamirat,5190,bilinmiyor,>=7 yil,4,A93,A101,4,A122,48,A143,kendi evi,4,vasifli,2,A192,A201,0
hesap yok,12,simdiye odendi,radyo/TV,2171,<100 DM,<1 yil,2,A92,A101,2,A123,29,A141,kendi evi,1,vasifli,1,A191,A201,0
0-200 DM,12,simdiye odendi,araba(yeni),1007,>=1000 DM,1-4 yil,4,A94,A101,1,A121,22,A143,kendi evi,1,vasifli,1,A191,A201,0
hesap yok,36,simdiye odendi,egitim,1819,<100 DM,1-4 yil,4,A93,A101,4,A124,37,A142,ucretsiz,1,vasifli,1,A192,A201,1
hesap yok,36,simdiye odendi,radyo/TV,2394,bilinmiyor,1-4 yil,4,A92,A101,4,A123,25,A143,kendi evi,1,vasifli,1,A191,A201,0
hesap yok,36,simdiye odendi,araba(eski),8133,<100 DM,1-4 yil,1,A92,A101,2,A122,30,A141,kendi evi,1,vasifli,1,A191,A201,0
hesap yok,7,kritik hesap,radyo/TV,730,bilinmiyor,>=7 yil,4,A93,A101,2,A122,46,A143,kira,2,vasifsiz-yerlesik,1,A192,A201,0
<0 DM,8,kritik hesap,diger,1164,<100 DM,>=7 yil,3,A93,A101,4,A124,51,A141,ucretsiz,2,yonetici/uzman,2,A192,A201,0
0-200 DM,42,kritik hesap,is,5954,<100 DM,4-7 yil,2,A92,A101,1,A121,41,A141,kendi evi,2,vasifsiz-yerlesik,1,A191,A201,0
<0 DM,36,simdiye odendi,egitim,1977,bilinmiyor,>=7 yil,4,A93,A101,4,A124,40,A143,kendi evi,1,yonetici/uzman,1,A192,A201,1
<0 DM,12,kritik hesap,araba(eski),1526,<100 DM,>=7 yil,4,A93,A101,4,A124,66,A143,ucretsiz,2,yonetici/uzman,1,A191,A201,0
<0 DM,42,simdiye odendi,radyo/TV,3965,<100 DM,<1 yil,4,A93,A101,3,A123,34,A143,kendi evi,1,vasifli,1,A191,A201,1
0-200 DM,11,gecmiste gecikme,radyo/TV,4771,<100 DM,4-7 yil,2,A93,A101,4,A122,51,A143,kendi evi,1,vasifli,1,A191,A201,0
hesap yok,54,kredi yok/hepsi odendi,araba(eski),9436,bilinmiyor,1-4 yil,2,A93,A101,2,A122,39,A143,kendi evi,1,vasifsiz-yerlesik,2,A191,A201,0
0-200 DM,30,simdiye odendi,mobilya,3832,<100 DM,<1 yil,2,A94,A101,1,A122,22,A143,kendi evi,1,vasifli,1,A191,A201,0
hesap yok,24,simdiye odendi,radyo/TV,5943,bilinmiyor,<1 yil,1,A92,A101,1,A123,44,A143,kendi evi,2,vasifli,1,A192,A201,1
hesap yok,15,simdiye odendi,radyo/TV,1213,500-1000 DM,>=7 yil,4,A93,A101,3,A122,47,A142,kendi evi,1,vasifli,1,A192,A201,0
hesap yok,18,simdiye odendi,is,1568,100-500 DM,1-4 yil,3,A92,A101,4,A122,24,A143,kira,1,vasifsiz-yerlesik,1,A191,A201,0
<0 DM,24,simdiye odendi,diger,1755,<100 DM,>=7 yil,4,A92,A103,4,A121,58,A143,kendi evi,1,vasifsiz-yerlesik,1,A192,A201,0
<0 DM,10,simdiye odendi,radyo/TV,2315,<100 DM,>=7 yil,3,A93,A101,4,A121,52,A143,kendi evi,1,vasifsiz-yerlesik,1,A191,A201,0
hesap yok,12,kritik hesap,is,1412,<100 DM,1-4 yil,4,A92,A103,2,A121,29,A143,kendi evi,2,yonetici/uzman,1,A192,A201,0
0-200 DM,18,kritik hesap,mobilya,1295,<100 DM,<1 yil,4,A92,A101,1,A122,27,A143,kendi evi,2,vasifli,1,A191,A201,0
0-200 DM,36,simdiye odendi,egitim,12612,100-500 DM,1-4 yil,1,A93,A101,4,A124,47,A143,ucretsiz,1,vasifli,2,A192,A201,1
<0 DM,18,simdiye odendi,araba(yeni),2249,100-500 DM,4-7 yil,4,A93,A101,3,A123,30,A143,kendi evi,1,yonetici/uzman,2,A192,A201,0
<0 DM,12,kredi yok/hepsi odendi,tamirat,1108,<100 DM,4-7 yil,4,A93,A101,3,A121,28,A143,kendi evi,2,vasifli,1,A191,A201,1
hesap yok,12,kritik hesap,radyo/TV,618,<100 DM,>=7 yil,4,A93,A101,4,A121,56,A143,kendi evi,1,vasifli,1,A191,A201,0
<0 DM,12,kritik hesap,araba(eski),1409,<100 DM,>=7 yil,4,A93,A101,3,A121,54,A143,kendi evi,1,vasifli,1,A191,A201,0
hesap yok,12,kritik hesap,radyo/TV,797,bilinmiyor,>=7 yil,4,A92,A101,3,A122,33,A141,kendi evi,1,vasifsiz-yerlesik,2,A191,A201,1
>=200 DM,24,kritik hesap,mobilya,3617,bilinmiyor,>=7 yil,4,A93,A102,4,A124,20,A143,kira,2,vasifli,1,A191,A201,0
0-200 DM,12,simdiye odendi,araba(yeni),1318,>=1000 DM,>=7 yil,4,A93,A101,4,A121,54,A143,kendi evi,1,vasifli,1,A192,A201,0
0-200 DM,54,kredi yok/hepsi odendi,is,15945,<100 DM,<1 yil,3,A93,A101,4,A124,58,A143,kira,1,vasifli,1,A192,A201,1
hesap yok,12,kritik hesap,egitim,2012,bilinmiyor,4-7 yil,4,A92,A101,2,A123,61,A143,kendi evi,1,vasifli,1,A191,A201,0
0-200 DM,18,simdiye odendi,is,2622,100-500 DM,1-4 yil,4,A93,A101,4,A123,34,A143,kendi evi,1,vasifli,1,A191,A201,0
0-200 DM,36,kritik hesap,radyo/TV,2337,<100 DM,>=7 yil,4,A93,A101,4,A121,36,A143,kendi evi,1,vasifli,1,A191,A201,0
0-200 DM,20,gecmiste gecikme,araba(eski),7057,bilinmiyor,4-7 yil,3,A93,A101,4,A122,36,A141,kira,2,yonetici/uzman,2,A192,A201,0
hesap yok,24,simdiye odendi,araba(yeni),1469,100-500 DM,>=7 yil,4,A94,A101,4,A121,41,A143,kira,1,vasifsiz-yerlesik,1,A191,A201,0
0-200 DM,36,simdiye odendi,radyo/TV,2323,<100 DM,4-7 yil,4,A93,A101,4,A123,24,A143,kira,1,vasifli,1,A191,A201,0
hesap yok,6,gecmiste gecikme,radyo/TV,932,<100 DM,1-4 yil,3,A92,A101,2,A121,24,A143,kendi evi,1,vasifli,1,A191,A201,0
0-200 DM,9,kritik hesap,mobilya,1919,<100 DM,4-7 yil,4,A93,A101,3,A123,35,A143,kira,1,vasifli,1,A192,A201,0
hesap yok,12,simdiye odendi,araba(eski),2445,bilinmiyor,<1 yil,2,A94,A101,4,A123,26,A143,kira,1,vasifli,1,A192,A201,0
0-200 DM,24,kritik hesap,diger,11938,<100 DM,1-4 yil,2,A93,A102,3,A123,39,A143,kendi evi,2,yonetici/uzman,2,A192,A201,1
hesap yok,18,bu bankada odendi,araba(yeni),6458,<100 DM,>=7 yil,2,A93,A101,4,A124,39,A141,kendi evi,2,yonetici/uzman,2,A192,A201,1
0-200 DM,12,simdiye odendi,araba(yeni),6078,<100 DM,4-7 yil,2,A93,A101,2,A123,32,A143,kendi evi,1,vasifli,1,A191,A201,0
<0 DM,24,simdiye odendi,mobilya,7721,bilinmiyor,<1 yil,1,A92,A101,2,A122,30,A143,kendi evi,1,vasifli,1,A192,A202,0
0-200 DM,14,simdiye odendi,is,1410,500-1000 DM,>=7 yil,1,A94,A101,2,A121,35,A143,kendi evi,1,vasifli,1,A192,A201,0
0-200 DM,6,gecmiste gecikme,is,1449,100-500 DM,>=7 yil,1,A91,A101,2,A123,31,A141,kendi evi,2,vasifli,2,A191,A201,0
>=200 DM,15,simdiye odendi,egitim,392,<100 DM,<1 yil,4,A92,A101,4,A122,23,A143,kira,1,vasifli,1,A192,A201,0
0-200 DM,18,simdiye odendi,araba(yeni),6260,<100 DM,4-7 yil,3,A93,A101,3,A121,28,A143,kira,1,vasifsiz-yerlesik,1,A191,A201,0
hesap yok,36,kritik hesap,araba(yeni),7855,<100 DM,1-4 yil,4,A92,A101,2,A121,25,A142,kendi evi,2,vasifli,1,A192,A201,1
<0 DM,12,simdiye odendi,radyo/TV,1680,500-1000 DM,>=7 yil,3,A94,A101,1,A121,35,A143,kendi evi,1,vasifli,1,A191,A201,0
hesap yok,48,kritik hesap,radyo/TV,3578,bilinmiyor,>=7 yil,4,A93,A101,1,A121,47,A143,kendi evi,1,vasifli,1,A192,A201,0
<0 DM,42,simdiye odendi,radyo/TV,7174,bilinmiyor,4-7 yil,4,A92,A101,3,A123,30,A143,kendi evi,1,yonetici/uzman,1,A192,A201,1
<0 DM,10,kritik hesap,mobilya,2132,bilinmiyor,<1 yil,2,A92,A102,3,A121,27,A143,kira,2,vasifli,1,A191,A202,0
<0 DM,33,kritik hesap,mobilya,4281,500-1000 DM,1-4 yil,1,A92,A101,4,A123,23,A143,kendi evi,2,vasifli,1,A191,A201,1
0-200 DM,12,kritik hesap,araba(yeni),2366,500-1000 DM,4-7 yil,3,A91,A101,3,A123,36,A143,kendi evi,1,yonetici/uzman,1,A192,A201,0
<0 DM,21,simdiye odendi,radyo/TV,1835,<100 DM,1-4 yil,3,A92,A101,2,A121,25,A143,kendi evi,2,vasifli,1,A192,A201,1
hesap yok,24,kritik hesap,araba(eski),3868,<100 DM,>=7 yil,4,A92,A101,2,A123,41,A143,kira,2,yonetici/uzman,1,A192,A201,0
hesap yok,12,simdiye odendi,mobilya,1768,<100 DM,1-4 yil,3,A93,A101,2,A121,24,A143,kira,1,vasifsiz-yerlesik,1,A191,A201,0
>=200 DM,10,kritik hesap,araba(yeni),781,<100 DM,>=7 yil,4,A93,A101,4,A124,63,A143,ucretsiz,2,vasifli,1,A192,A201,0
0-200 DM,18,simdiye odendi,mobilya,1924,bilinmiyor,<1 yil,4,A92,A101,3,A121,27,A143,kira,1,vasifli,1,A191,A201,1
<0 DM,12,kritik hesap,araba(yeni),2121,<100 DM,1-4 yil,4,A93,A101,2,A122,30,A143,kendi evi,2,vasifli,1,A191,A201,0
<0 DM,12,simdiye odendi,radyo/TV,701,<100 DM,1-4 yil,4,A94,A101,2,A121,40,A143,kendi evi,1,vasifsiz-yerlesik,1,A191,A201,0
0-200 DM,12,simdiye odendi,tamirat,639,<100 DM,1-4 yil,4,A93,A101,2,A123,30,A143,kendi evi,1,vasifli,1,A191,A201,1
0-200 DM,12,kritik hesap,araba(eski),1860,<100 DM,issiz,4,A93,A101,2,A123,34,A143,kendi evi,2,yonetici/uzman,1,A192,A201,0
<0 DM,12,kritik hesap,araba(yeni),3499,<100 DM,1-4 yil,3,A92,A102,2,A121,29,A143,kendi evi,2,vasifli,1,A191,A201,1
0-200 DM,48,simdiye odendi,araba(yeni),8487,bilinmiyor,4-7 yil,1,A92,A101,2,A123,24,A143,kendi evi,1,vasifli,1,A191,A201,0
<0 DM,36,gecmiste gecikme,egitim,6887,<100 DM,1-4 yil,4,A93,A101,3,A122,29,A142,kendi evi,1,vasifli,1,A192,A201,1
hesap yok,15,simdiye odendi,mobilya,2708,<100 DM,<1 yil,2,A93,A101,3,A122,27,A141,kendi evi,2,vasifsiz-yerlesik,1,A191,A201,0
hesap yok,18,simdiye odendi,mobilya,1984,<100 DM,1-4 yil,4,A93,A101,4,A124,47,A141,ucretsiz,2,vasifli,1,A191,A201,0
hesap yok,60,simdiye odendi,radyo/TV,10144,100-500 DM,4-7 yil,2,A92,A101,4,A121,21,A143,kendi evi,1,vasifli,1,A192,A201,0
hesap yok,12,kritik hesap,radyo/TV,1240,bilinmiyor,>=7 yil,4,A92,A101,2,A121,38,A143,kendi evi,2,vasifli,1,A192,A201,0
hesap yok,27,gecmiste gecikme,araba(eski),8613,>=1000 DM,1-4 yil,2,A93,A101,2,A123,27,A143,kendi evi,2,vasifli,1,A191,A201,0
0-200 DM,12,simdiye odendi,radyo/TV,766,500-1000 DM,1-4 yil,4,A93,A101,3,A121,66,A143,kendi evi,1,vasifsiz-yerlesik,1,A191,A201,1
0-200 DM,15,kritik hesap,radyo/TV,2728,bilinmiyor,4-7 yil,4,A93,A103,2,A121,35,A141,kendi evi,3,vasifli,1,A192,A201,0
>=200 DM,12,simdiye odendi,radyo/TV,1881,<100 DM,1-4 yil,2,A92,A101,2,A123,44,A143,kira,1,vasifsiz-yerlesik,1,A192,A201,0
>=200 DM,6,simdiye odendi,araba(yeni),709,>=1000 DM,<1 yil,2,A94,A101,2,A121,27,A143,kendi evi,1,issiz/vasifsiz,1,A191,A202,0
0-200 DM,36,simdiye odendi,radyo/TV,4795,<100 DM,<1 yil,4,A92,A101,1,A124,30,A143,kendi evi,1,yonetici/uzman,1,A192,A201,0
<0 DM,27,simdiye odendi,radyo/TV,3416,<100 DM,1-4 yil,3,A93,A101,2,A123,27,A143,kendi evi,1,yonetici/uzman,1,A191,A201,0
<0 DM,18,simdiye odendi,mobilya,2462,<100 DM,1-4 yil,2,A93,A101,2,A123,22,A143,kendi evi,1,vasifli,1,A191,A201,1
hesap yok,21,kritik hesap,mobilya,2288,<100 DM,<1 yil,4,A92,A101,4,A122,23,A143,kendi evi,1,vasifli,1,A192,A201,0
0-200 DM,48,bu bankada odendi,is,3566,100-500 DM,4-7 yil,4,A93,A101,2,A123,30,A143,kendi evi,1,vasifli,1,A191,A201,0
<0 DM,6,kritik hesap,araba(yeni),860,<100 DM,>=7 yil,1,A92,A101,4,A124,39,A143,kendi evi,2,vasifli,1,A192,A201,0
hesap yok,12,kritik hesap,araba(yeni),682,100-500 DM,4-7 yil,4,A92,A101,3,A123,51,A143,kendi evi,2,vasifli,1,A192,A201,0
<0 DM,36,kritik hesap,mobilya,5371,<100 DM,1-4 yil,3,A93,A103,2,A122,28,A143,kendi evi,2,vasifli,1,A191,A201,0
hesap yok,18,kritik hesap,radyo/TV,1582,>=1000 DM,>=7 yil,4,A93,A101,4,A123,46,A143,kendi evi,2,vasifli,1,A191,A201,0
hesap yok,6,simdiye odendi,radyo/TV,1346,100-500 DM,>=7 yil,2,A93,A101,4,A124,42,A141,ucretsiz,1,vasifli,2,A192,A201,0
hesap yok,10,simdiye odendi,radyo/TV,1924,<100 DM,1-4 yil,1,A93,A101,4,A122,38,A143,kendi evi,1,vasifli,1,A192,A202,0
>=200 DM,36,simdiye odendi,radyo/TV,5848,<100 DM,1-4 yil,4,A93,A101,1,A123,24,A143,kendi evi,1,vasifli,1,A191,A201,0
0-200 DM,24,kritik hesap,araba(eski),7758,>=1000 DM,>=7 yil,2,A92,A101,4,A124,29,A143,kira,1,vasifli,1,A191,A201,0
0-200 DM,24,gecmiste gecikme,is,6967,100-500 DM,4-7 yil,4,A93,A101,4,A123,36,A143,kira,1,yonetici/uzman,1,A192,A201,0
<0 DM,12,simdiye odendi,mobilya,1282,<100 DM,1-4 yil,2,A92,A101,4,A123,20,A143,kira,1,vasifli,1,A191,A201,1
<0 DM,9,kritik hesap,tamirat,1288,100-500 DM,>=7 yil,3,A93,A103,4,A121,48,A143,kendi evi,2,vasifli,2,A191,A202,0
<0 DM,12,bu bankada odendi,yeniden egitim,339,<100 DM,>=7 yil,4,A94,A101,1,A123,45,A141,kendi evi,1,vasifsiz-yerlesik,1,A191,A201,0
0-200 DM,24,simdiye odendi,araba(yeni),3512,100-500 DM,4-7 yil,2,A93,A101,3,A123,38,A141,kendi evi,2,vasifli,1,A192,A201,0
hesap yok,6,kritik hesap,radyo/TV,1898,bilinmiyor,1-4 yil,1,A93,A101,2,A121,34,A143,kendi evi,2,vasifsiz-yerlesik,2,A191,A201,0
hesap yok,24,kritik hesap,radyo/TV,2872,100-500 DM,>=7 yil,3,A93,A101,4,A121,36,A143,kendi evi,1,vasifli,2,A192,A201,0
hesap yok,18,kritik hesap,araba(yeni),1055,<100 DM,<1 yil,4,A92,A101,1,A122,30,A143,kendi evi,2,vasifli,1,A191,A201,0
hesap yok,15,simdiye odendi,ev aleti,1262,500-1000 DM,4-7 yil,4,A93,A101,3,A122,36,A143,kendi evi,2,vasifli,1,A192,A201,0
0-200 DM,10,simdiye odendi,araba(yeni),7308,<100 DM,issiz,2,A93,A101,4,A124,70,A141,ucretsiz,1,yonetici/uzman,1,A192,A201,0
hesap yok,36,simdiye odendi,araba(yeni),909,500-1000 DM,>=7 yil,4,A93,A101,4,A122,36,A143,kendi evi,1,vasifli,1,A191,A201,0
hesap yok,6,simdiye odendi,mobilya,2978,500-1000 DM,1-4 yil,1,A93,A101,2,A123,32,A143,kendi evi,1,vasifli,1,A192,A201,0
<0 DM,18,simdiye odendi,mobilya,1131,<100 DM,issiz,4,A92,A101,2,A123,33,A143,kendi evi,1,vasifli,1,A191,A201,1
0-200 DM,11,simdiye odendi,mobilya,1577,>=1000 DM,<1 yil,4,A92,A101,1,A121,20,A143,kendi evi,1,vasifli,1,A191,A201,0
hesap yok,24,simdiye odendi,mobilya,3972,<100 DM,4-7 yil,2,A92,A101,4,A122,25,A143,kira,1,vasifli,1,A192,A201,0
0-200 DM,24,kritik hesap,is,1935,<100 DM,>=7 yil,4,A91,A101,4,A121,31,A143,kendi evi,2,vasifli,1,A192,A201,1
<0 DM,15,kredi yok/hepsi odendi,araba(yeni),950,<100 DM,>=7 yil,4,A93,A101,3,A123,33,A143,kira,2,vasifli,2,A191,A201,1
hesap yok,12,simdiye odendi,mobilya,763,<100 DM,1-4 yil,4,A92,A101,1,A121,26,A143,kendi evi,1,vasifli,1,A192,A201,0
0-200 DM,24,gecmiste gecikme,mobilya,2064,<100 DM,issiz,3,A92,A101,2,A122,34,A143,kendi evi,1,yonetici/uzman,1,A192,A201,1
0-200 DM,8,simdiye odendi,radyo/TV,1414,<100 DM,1-4 yil,4,A93,A103,2,A121,33,A143,kendi evi,1,vasifli,1,A191,A202,0
<0 DM,21,gecmiste gecikme,egitim,3414,<100 DM,<1 yil,2,A93,A101,1,A122,26,A143,kendi evi,2,vasifli,1,A191,A201,1
hesap yok,30,bu bankada odendi,araba(eski),7485,bilinmiyor,issiz,4,A92,A101,1,A121,53,A141,kendi evi,1,yonetici/uzman,1,A192,A201,1
<0 DM,12,simdiye odendi,mobilya,2577,<100 DM,1-4 yil,2,A91,A101,1,A123,42,A143,kendi evi,1,vasifli,1,A191,A201,0
<0 DM,6,kritik hesap,radyo/TV,338,500-1000 DM,>=7 yil,4,A93,A101,4,A123,52,A143,kendi evi,2,vasifli,1,A191,A201,0
hesap yok,12,simdiye odendi,radyo/TV,1963,<100 DM,4-7 yil,4,A93,A101,2,A123,31,A143,kira,2,yonetici/uzman,2,A192,A201,0
<0 DM,21,kritik hesap,araba(yeni),571,<100 DM,>=7 yil,4,A93,A101,4,A121,65,A143,kendi evi,2,vasifli,1,A191,A201,0
hesap yok,36,gecmiste gecikme,is,9572,<100 DM,<1 yil,1,A91,A101,1,A123,28,A143,kendi evi,2,vasifli,1,A191,A201,1
0-200 DM,36,gecmiste gecikme,is,4455,<100 DM,1-4 yil,2,A91,A101,2,A121,30,A142,kendi evi,2,yonetici/uzman,1,A192,A201,1
<0 DM,21,bu bankada odendi,araba(yeni),1647,bilinmiyor,1-4 yil,4,A93,A101,2,A122,40,A143,kendi evi,2,vasifsiz-yerlesik,2,A191,A201,1
hesap yok,24,kritik hesap,mobilya,3777,>=1000 DM,1-4 yil,4,A93,A101,4,A121,50,A143,kendi evi,1,vasifli,1,A192,A201,0
0-200 DM,18,kritik hesap,araba(yeni),884,<100 DM,>=7 yil,4,A93,A101,4,A123,36,A141,kendi evi,1,vasifli,2,A192,A201,1
hesap yok,15,kritik hesap,radyo/TV,1360,<100 DM,1-4 yil,4,A93,A101,2,A122,31,A143,kendi evi,2,vasifli,1,A191,A201,0
0-200 DM,9,bu bankada odendi,araba(eski),5129,<100 DM,>=7 yil,2,A92,A101,4,A124,74,A141,ucretsiz,1,yonetici/uzman,2,A192,A201,1
0-200 DM,16,kritik hesap,araba(yeni),1175,<100 DM,issiz,2,A93,A101,3,A123,68,A143,ucretsiz,3,issiz/vasifsiz,1,A192,A201,0
<0 DM,12,simdiye odendi,radyo/TV,674,100-500 DM,4-7 yil,4,A94,A101,1,A122,20,A143,kendi evi,1,vasifli,1,A191,A201,1
0-200 DM,18,kredi yok/hepsi odendi,mobilya,3244,<100 DM,1-4 yil,1,A92,A101,4,A123,33,A141,kendi evi,2,vasifli,1,A192,A201,0
hesap yok,24,simdiye odendi,is,4591,>=1000 DM,1-4 yil,2,A93,A101,3,A122,54,A143,kendi evi,3,yonetici/uzman,1,A192,A201,1
0-200 DM,48,kredi yok/hepsi odendi,is,3844,100-500 DM,4-7 yil,4,A93,A101,4,A124,34,A143,ucretsiz,1,vasifsiz-yerlesik,2,A191,A201,1
0-200 DM,27,simdiye odendi,is,3915,<100 DM,1-4 yil,4,A93,A101,2,A123,36,A143,kendi evi,1,vasifli,2,A192,A201,1
hesap yok,6,simdiye odendi,radyo/TV,2108,<100 DM,4-7 yil,2,A94,A101,2,A121,29,A143,kira,1,vasifli,1,A191,A201,0
0-200 DM,45,simdiye odendi,radyo/TV,3031,100-500 DM,1-4 yil,4,A93,A103,4,A122,21,A143,kira,1,vasifli,1,A191,A201,1
0-200 DM,9,kritik hesap,egitim,1501,<100 DM,>=7 yil,2,A92,A101,3,A123,34,A143,kendi evi,2,yonetici/uzman,1,A192,A201,1
hesap yok,6,kritik hesap,radyo/TV,1382,<100 DM,1-4 yil,1,A92,A101,1,A123,28,A143,kendi evi,2,vasifli,1,A192,A201,0
0-200 DM,12,simdiye odendi,mobilya,951,100-500 DM,<1 yil,4,A92,A101,4,A123,27,A141,kira,4,vasifli,1,A191,A201,1
0-200 DM,24,simdiye odendi,araba(eski),2760,bilinmiyor,>=7 yil,4,A93,A101,4,A124,36,A141,ucretsiz,1,vasifli,1,A192,A201,0
0-200 DM,18,gecmiste gecikme,mobilya,4297,<100 DM,>=7 yil,4,A91,A101,3,A124,40,A143,kendi evi,1,yonetici/uzman,1,A192,A201,1
hesap yok,9,kritik hesap,egitim,936,500-1000 DM,>=7 yil,4,A93,A101,2,A123,52,A143,kendi evi,2,vasifli,1,A192,A201,0
<0 DM,12,simdiye odendi,araba(yeni),1168,<100 DM,1-4 yil,4,A94,A101,3,A121,27,A143,kendi evi,1,vasifsiz-yerlesik,1,A191,A201,0
hesap yok,27,gecmiste gecikme,is,5117,<100 DM,4-7 yil,3,A93,A101,4,A123,26,A143,kendi evi,2,vasifli,1,A191,A201,0
<0 DM,12,simdiye odendi,yeniden egitim,902,<100 DM,4-7 yil,4,A94,A101,4,A122,21,A143,kira,1,vasifli,1,A191,A201,1
hesap yok,12,kritik hesap,araba(yeni),1495,<100 DM,>=7 yil,4,A93,A101,1,A121,38,A143,kendi evi,2,vasifsiz-yerlesik,2,A191,A201,0
<0 DM,30,kritik hesap,araba(eski),10623,<100 DM,>=7 yil,3,A93,A101,4,A124,38,A143,ucretsiz,3,yonetici/uzman,2,A192,A201,0
hesap yok,12,kritik hesap,mobilya,1935,<100 DM,>=7 yil,4,A93,A101,4,A121,43,A143,kendi evi,3,vasifli,1,A192,A201,0
0-200 DM,12,kritik hesap,ev aleti,1424,<100 DM,4-7 yil,4,A93,A101,3,A122,26,A143,kendi evi,1,vasifli,1,A191,A201,0
<0 DM,24,simdiye odendi,is,6568,<100 DM,1-4 yil,2,A94,A101,2,A123,21,A142,kendi evi,1,vasifsiz-yerlesik,1,A191,A201,0
hesap yok,12,simdiye odendi,araba(eski),1413,>=1000 DM,4-7 yil,3,A93,A101,2,A122,55,A143,kendi evi,1,vasifli,1,A191,A202,0
hesap yok,9,kritik hesap,radyo/TV,3074,bilinmiyor,1-4 yil,1,A93,A101,2,A121,33,A143,kendi evi,2,vasifli,2,A191,A201,0
hesap yok,36,simdiye odendi,radyo/TV,3835,bilinmiyor,>=7 yil,2,A92,A101,4,A121,45,A143,kendi evi,1,vasifsiz-yerlesik,1,A192,A201,0
<0 DM,27,kredi yok/hepsi odendi,is,5293,<100 DM,issiz,2,A93,A101,4,A122,50,A142,kendi evi,2,vasifli,1,A192,A201,1
>=200 DM,30,gecmiste gecikme,is,1908,<100 DM,>=7 yil,4,A93,A101,4,A121,66,A143,kendi evi,1,yonetici/uzman,1,A192,A201,1
hesap yok,36,kritik hesap,radyo/TV,3342,bilinmiyor,>=7 yil,4,A93,A101,2,A123,51,A143,kendi evi,1,vasifli,1,A192,A201,0
0-200 DM,6,kritik hesap,yeniden egitim,932,bilinmiyor,4-7 yil,1,A92,A101,3,A122,39,A143,kendi evi,2,vasifsiz-yerlesik,1,A191,A201,0
<0 DM,18,kredi yok/hepsi odendi,is,3104,<100 DM,4-7 yil,3,A93,A101,1,A122,31,A141,kendi evi,1,vasifli,1,A192,A201,0
>=200 DM,36,simdiye odendi,radyo/TV,3913,<100 DM,1-4 yil,2,A93,A101,2,A121,23,A143,kendi evi,1,vasifli,1,A192,A201,0
<0 DM,24,simdiye odendi,mobilya,3021,<100 DM,1-4 yil,2,A91,A101,2,A121,24,A143,kira,1,vasifsiz-yerlesik,1,A191,A201,0
hesap yok,10,simdiye odendi,araba(yeni),1364,<100 DM,1-4 yil,2,A92,A101,4,A123,64,A143,kendi evi,1,vasifli,1,A192,A201,0
0-200 DM,12,simdiye odendi,radyo/TV,625,<100 DM,<1 yil,4,A94,A103,1,A121,26,A141,kendi evi,1,vasifsiz-yerlesik,1,A191,A201,0
<0 DM,12,simdiye odendi,egitim,1200,bilinmiyor,1-4 yil,4,A92,A101,4,A122,23,A141,kira,1,vasifli,1,A192,A201,0
hesap yok,12,simdiye odendi,radyo/TV,707,<100 DM,1-4 yil,4,A93,A101,2,A121,30,A141,kendi evi,2,vasifli,1,A191,A201,0
hesap yok,24,gecmiste gecikme,is,2978,bilinmiyor,1-4 yil,4,A93,A101,4,A121,32,A143,kendi evi,2,vasifli,2,A192,A201,0
hesap yok,15,simdiye odendi,araba(eski),4657,<100 DM,1-4 yil,3,A93,A101,2,A123,30,A143,kendi evi,1,vasifli,1,A192,A201,0
hesap yok,36,kredi yok/hepsi odendi,tamirat,2613,<100 DM,1-4 yil,4,A93,A101,2,A123,27,A143,kendi evi,2,vasifli,1,A191,A201,0
0-200 DM,48,simdiye odendi,radyo/TV,10961,>=1000 DM,4-7 yil,1,A93,A102,2,A124,27,A141,kendi evi,2,vasifli,1,A192,A201,1
<0 DM,12,simdiye odendi,mobilya,7865,<100 DM,>=7 yil,4,A93,A101,4,A124,53,A143,ucretsiz,1,yonetici/uzman,1,A192,A201,1
hesap yok,9,simdiye odendi,radyo/TV,1478,<100 DM,4-7 yil,4,A93,A101,2,A123,22,A143,kendi evi,1,vasifli,1,A191,A201,1
<0 DM,24,simdiye odendi,mobilya,3149,<100 DM,<1 yil,4,A93,A101,1,A124,22,A141,ucretsiz,1,vasifli,1,A191,A201,0
>=200 DM,36,simdiye odendi,radyo/TV,4210,<100 DM,1-4 yil,4,A93,A101,2,A123,26,A143,kendi evi,1,vasifli,1,A191,A201,1
hesap yok,9,simdiye odendi,araba(yeni),2507,500-1000 DM,>=7 yil,2,A93,A101,4,A124,51,A143,ucretsiz,1,vasifsiz-yerlesik,1,A191,A201,0
hesap yok,12,simdiye odendi,radyo/TV,2141,100-500 DM,4-7 yil,3,A93,A101,1,A124,35,A143,kendi evi,1,vasifli,1,A191,A201,0
0-200 DM,18,simdiye odendi,radyo/TV,866,<100 DM,1-4 yil,4,A94,A103,2,A121,25,A143,kendi evi,1,vasifsiz-yerlesik,1,A191,A201,0
hesap yok,4,kritik hesap,radyo/TV,1544,<100 DM,4-7 yil,2,A93,A101,1,A121,42,A143,kendi evi,3,vasifsiz-yerlesik,2,A191,A201,0
<0 DM,24,simdiye odendi,radyo/TV,1823,<100 DM,issiz,4,A93,A101,2,A123,30,A142,kendi evi,1,yonetici/uzman,2,A191,A201,1
0-200 DM,6,simdiye odendi,araba(yeni),14555,bilinmiyor,issiz,1,A93,A101,2,A122,23,A143,kendi evi,1,issiz/vasifsiz,1,A192,A201,1
0-200 DM,21,simdiye odendi,is,2767,100-500 DM,>=7 yil,4,A91,A101,2,A123,61,A141,kira,2,vasifsiz-yerlesik,1,A191,A201,1
hesap yok,12,kritik hesap,radyo/TV,1291,<100 DM,1-4 yil,4,A92,A101,2,A122,35,A143,kendi evi,2,vasifli,1,A191,A201,0
<0 DM,30,simdiye odendi,radyo/TV,2522,<100 DM,>=7 yil,1,A93,A103,3,A122,39,A143,kendi evi,1,vasifli,2,A191,A201,0
<0 DM,24,simdiye odendi,araba(yeni),915,bilinmiyor,>=7 yil,4,A92,A101,2,A123,29,A141,kendi evi,1,vasifli,1,A191,A201,1
hesap yok,6,simdiye odendi,radyo/TV,1595,<100 DM,4-7 yil,3,A93,A101,2,A122,51,A143,kendi evi,1,vasifli,2,A191,A201,0
<0 DM,48,kredi yok/hepsi odendi,araba(eski),4605,<100 DM,>=7 yil,3,A93,A101,4,A124,24,A143,ucretsiz,2,vasifli,2,A191,A201,1
hesap yok,12,kritik hesap,is,1185,<100 DM,1-4 yil,3,A92,A101,2,A121,27,A143,kendi evi,2,vasifli,1,A191,A201,0
hesap yok,12,bu bankada odendi,yeniden egitim,3447,500-1000 DM,1-4 yil,4,A92,A101,3,A121,35,A143,kendi evi,1,vasifsiz-yerlesik,2,A191,A201,0
hesap yok,24,simdiye odendi,is,1258,<100 DM,4-7 yil,4,A93,A101,1,A121,25,A143,kendi evi,1,vasifli,1,A192,A201,0
hesap yok,12,kritik hesap,radyo/TV,717,<100 DM,>=7 yil,4,A93,A101,4,A121,52,A143,kendi evi,3,vasifli,1,A191,A201,0
hesap yok,6,kredi yok/hepsi odendi,araba(yeni),1204,100-500 DM,1-4 yil,4,A93,A101,1,A124,35,A141,kira,1,vasifli,1,A191,A202,0
>=200 DM,24,simdiye odendi,mobilya,1925,<100 DM,1-4 yil,2,A93,A101,2,A121,26,A143,kendi evi,1,vasifli,1,A191,A201,0
hesap yok,18,simdiye odendi,radyo/TV,433,<100 DM,issiz,3,A92,A102,4,A121,22,A143,kira,1,vasifli,1,A191,A201,1
<0 DM,6,kritik hesap,araba(yeni),666,>=1000 DM,4-7 yil,3,A92,A101,4,A121,39,A143,kendi evi,2,vasifsiz-yerlesik,1,A192,A201,0
>=200 DM,12,simdiye odendi,mobilya,2251,<100 DM,1-4 yil,1,A92,A101,2,A123,46,A143,kendi evi,1,vasifsiz-yerlesik,1,A191,A201,0
0-200 DM,30,simdiye odendi,araba(yeni),2150,<100 DM,1-4 yil,4,A92,A103,2,A124,24,A141,kendi evi,1,vasifli,1,A191,A201,1
hesap yok,24,gecmiste gecikme,mobilya,4151,100-500 DM,1-4 yil,2,A93,A101,3,A122,35,A143,kendi evi,2,vasifli,1,A191,A201,0
0-200 DM,9,simdiye odendi,mobilya,2030,bilinmiyor,4-7 yil,2,A93,A101,1,A123,24,A143,kendi evi,1,vasifli,1,A192,A201,0
0-200 DM,60,gecmiste gecikme,radyo/TV,7418,bilinmiyor,1-4 yil,1,A93,A101,1,A121,27,A143,kendi evi,1,vasifsiz-yerlesik,1,A191,A201,0
hesap yok,24,kritik hesap,radyo/TV,2684,<100 DM,1-4 yil,4,A93,A101,2,A121,35,A143,kendi evi,2,vasifsiz-yerlesik,1,A191,A201,0
<0 DM,12,bu bankada odendi,radyo/TV,2149,<100 DM,1-4 yil,4,A91,A101,1,A124,29,A143,ucretsiz,1,vasifli,1,A191,A201,1
hesap yok,15,simdiye odendi,araba(eski),3812,100-500 DM,<1 yil,1,A92,A101,4,A123,23,A143,kendi evi,1,vasifli,1,A192,A201,0
hesap yok,11,kritik hesap,radyo/TV,1154,100-500 DM,issiz,4,A92,A101,4,A121,57,A143,kendi evi,3,vasifsiz-yerlesik,1,A191,A201,0
<0 DM,12,simdiye odendi,mobilya,1657,<100 DM,1-4 yil,2,A93,A101,2,A121,27,A143,kendi evi,1,vasifli,1,A191,A201,0
<0 DM,24,simdiye odendi,radyo/TV,1603,<100 DM,>=7 yil,4,A92,A101,4,A123,55,A143,kendi evi,1,vasifli,1,A191,A201,0
<0 DM,18,kritik hesap,araba(yeni),5302,<100 DM,>=7 yil,2,A93,A101,4,A124,36,A143,ucretsiz,3,yonetici/uzman,1,A192,A201,0
hesap yok,12,kritik hesap,egitim,2748,<100 DM,>=7 yil,2,A92,A101,4,A124,57,A141,ucretsiz,3,vasifsiz-yerlesik,1,A191,A201,0
hesap yok,10,kritik hesap,araba(yeni),1231,<100 DM,>=7 yil,3,A93,A101,4,A121,32,A143,kendi evi,2,vasifsiz-yerlesik,2,A191,A202,0
0-200 DM,15,simdiye odendi,radyo/TV,802,<100 DM,>=7 yil,4,A93,A101,3,A123,37,A143,kendi evi,1,vasifli,2,A191,A201,1
hesap yok,36,kritik hesap,is,6304,bilinmiyor,>=7 yil,4,A93,A101,4,A121,36,A143,kendi evi,2,vasifli,1,A191,A201,0
hesap yok,24,simdiye odendi,radyo/TV,1533,<100 DM,<1 yil,4,A92,A101,3,A123,38,A142,kendi evi,1,vasifli,1,A192,A201,0
<0 DM,14,simdiye odendi,araba(yeni),8978,<100 DM,>=7 yil,1,A91,A101,4,A122,45,A143,kendi evi,1,yonetici/uzman,1,A192,A202,1
hesap yok,24,simdiye odendi,radyo/TV,999,bilinmiyor,>=7 yil,4,A93,A101,2,A123,25,A143,kendi evi,2,vasifli,1,A191,A201,0
hesap yok,18,simdiye odendi,araba(yeni),2662,bilinmiyor,4-7 yil,4,A93,A101,3,A122,32,A143,kendi evi,1,vasifli,1,A191,A202,0
hesap yok,12,kritik hesap,mobilya,1402,500-1000 DM,4-7 yil,3,A92,A101,4,A123,37,A143,kira,1,vasifli,1,A192,A201,0
0-200 DM,48,bu bankada odendi,araba(yeni),12169,bilinmiyor,issiz,4,A93,A102,4,A124,36,A143,ucretsiz,1,yonetici/uzman,1,A192,A201,0
0-200 DM,48,simdiye odendi,radyo/TV,3060,<100 DM,4-7 yil,4,A93,A101,4,A121,28,A143,kendi evi,2,vasifli,1,A191,A201,1
<0 DM,30,simdiye odendi,tamirat,11998,<100 DM,<1 yil,1,A91,A101,1,A124,34,A143,kendi evi,1,vasifsiz-yerlesik,1,A192,A201,1
hesap yok,9,simdiye odendi,radyo/TV,2697,<100 DM,1-4 yil,1,A93,A101,2,A121,32,A143,kendi evi,1,vasifli,2,A191,A201,0
hesap yok,18,kritik hesap,radyo/TV,2404,<100 DM,1-4 yil,2,A92,A101,2,A123,26,A143,kendi evi,2,vasifli,1,A191,A201,0
<0 DM,12,simdiye odendi,mobilya,1262,bilinmiyor,>=7 yil,2,A91,A101,4,A122,49,A143,kendi evi,1,vasifsiz-yerlesik,1,A192,A201,0
hesap yok,6,simdiye odendi,mobilya,4611,<100 DM,<1 yil,1,A92,A101,4,A122,32,A143,kendi evi,1,vasifli,1,A191,A201,1
hesap yok,24,simdiye odendi,radyo/TV,1901,100-500 DM,1-4 yil,4,A93,A101,4,A123,29,A143,kira,1,yonetici/uzman,1,A192,A201,0
hesap yok,15,kritik hesap,araba(eski),3368,>=1000 DM,>=7 yil,3,A93,A101,4,A124,23,A143,kira,2,vasifli,1,A192,A201,0
hesap yok,12,simdiye odendi,mobilya,1574,<100 DM,1-4 yil,4,A93,A101,2,A121,50,A143,kendi evi,1,vasifli,1,A191,A201,0
>=200 DM,18,bu bankada odendi,radyo/TV,1445,bilinmiyor,4-7 yil,4,A93,A101,4,A123,49,A141,kendi evi,1,vasifsiz-yerlesik,1,A191,A201,0
hesap yok,15,kritik hesap,mobilya,1520,bilinmiyor,>=7 yil,4,A93,A101,4,A122,63,A143,kendi evi,1,vasifli,1,A191,A201,0
0-200 DM,24,kritik hesap,araba(yeni),3878,100-500 DM,<1 yil,4,A91,A101,2,A123,37,A143,kendi evi,1,vasifli,1,A192,A201,0
<0 DM,47,simdiye odendi,araba(yeni),10722,<100 DM,<1 yil,1,A92,A101,1,A121,35,A143,kendi evi,1,vasifsiz-yerlesik,1,A192,A201,0
<0 DM,48,simdiye odendi,araba(eski),4788,<100 DM,4-7 yil,4,A93,A101,3,A122,26,A143,kendi evi,1,vasifli,2,A191,A201,0
0-200 DM,48,gecmiste gecikme,diger,7582,100-500 DM,issiz,2,A93,A101,4,A124,31,A143,ucretsiz,1,yonetici/uzman,1,A192,A201,0
0-200 DM,12,simdiye odendi,radyo/TV,1092,<100 DM,1-4 yil,4,A92,A103,4,A121,49,A143,kendi evi,2,vasifli,1,A192,A201,0
<0 DM,24,gecmiste gecikme,radyo/TV,1024,<100 DM,<1 yil,4,A94,A101,4,A121,48,A142,kendi evi,1,vasifli,1,A191,A201,1
hesap yok,12,simdiye odendi,is,1076,<100 DM,1-4 yil,2,A94,A101,2,A121,26,A143,kendi evi,1,vasifli,1,A192,A202,0
0-200 DM,36,simdiye odendi,araba(eski),9398,<100 DM,<1 yil,1,A94,A101,4,A123,28,A143,kira,1,yonetici/uzman,1,A192,A201,1
<0 DM,24,kritik hesap,araba(eski),6419,<100 DM,>=7 yil,2,A92,A101,4,A124,44,A143,ucretsiz,2,yonetici/uzman,2,A192,A201,0
>=200 DM,42,kritik hesap,araba(eski),4796,<100 DM,>=7 yil,4,A93,A101,4,A124,56,A143,ucretsiz,1,vasifli,1,A191,A201,0
hesap yok,48,kritik hesap,is,7629,bilinmiyor,>=7 yil,4,A91,A101,2,A123,46,A141,kendi evi,2,yonetici/uzman,2,A191,A201,0
0-200 DM,48,simdiye odendi,mobilya,9960,<100 DM,<1 yil,1,A92,A101,2,A123,26,A143,kendi evi,1,vasifli,1,A192,A201,1
hesap yok,12,simdiye odendi,araba(eski),4675,bilinmiyor,<1 yil,1,A92,A101,4,A123,20,A143,kira,1,vasifli,1,A191,A201,0
hesap yok,10,simdiye odendi,araba(yeni),1287,bilinmiyor,>=7 yil,4,A93,A102,2,A122,45,A143,kendi evi,1,vasifsiz-yerlesik,1,A191,A202,0
hesap yok,18,simdiye odendi,mobilya,2515,<100 DM,1-4 yil,3,A93,A101,4,A121,43,A143,kendi evi,1,vasifli,1,A192,A201,0
0-200 DM,21,kritik hesap,mobilya,2745,>=1000 DM,4-7 yil,3,A93,A101,2,A123,32,A143,kendi evi,2,vasifli,1,A192,A201,0
hesap yok,6,simdiye odendi,araba(yeni),672,<100 DM,issiz,1,A92,A101,4,A121,54,A143,kendi evi,1,issiz/vasifsiz,1,A192,A201,0
0-200 DM,36,kredi yok/hepsi odendi,radyo/TV,3804,<100 DM,1-4 yil,4,A92,A101,1,A123,42,A143,kendi evi,1,vasifli,1,A192,A201,1
>=200 DM,24,kritik hesap,araba(yeni),1344,bilinmiyor,4-7 yil,4,A93,A101,2,A121,37,A141,kendi evi,2,vasifsiz-yerlesik,2,A191,A201,1
<0 DM,10,kritik hesap,araba(yeni),1038,<100 DM,4-7 yil,4,A93,A102,3,A122,49,A143,kendi evi,2,vasifli,1,A192,A201,0
hesap yok,48,kritik hesap,araba(yeni),10127,500-1000 DM,1-4 yil,2,A93,A101,2,A124,44,A141,ucretsiz,1,vasifli,1,A191,A201,1
hesap yok,6,simdiye odendi,mobilya,1543,>=1000 DM,1-4 yil,4,A91,A101,2,A121,33,A143,kendi evi,1,vasifli,1,A191,A201,0
hesap yok,30,simdiye odendi,araba(eski),4811,bilinmiyor,4-7 yil,2,A92,A101,4,A122,24,A142,kira,1,vasifsiz-yerlesik,1,A191,A201,0
<0 DM,12,simdiye odendi,radyo/TV,727,100-500 DM,<1 yil,4,A94,A101,3,A124,33,A143,kendi evi,1,vasifsiz-yerlesik,1,A192,A201,1
0-200 DM,8,simdiye odendi,mobilya,1237,<100 DM,1-4 yil,3,A92,A101,4,A121,24,A143,kendi evi,1,vasifli,1,A191,A201,1
0-200 DM,9,simdiye odendi,araba(yeni),276,<100 DM,1-4 yil,4,A94,A101,4,A121,22,A143,kira,1,vasifsiz-yerlesik,1,A191,A201,0
0-200 DM,48,simdiye odendi,diger,5381,bilinmiyor,issiz,3,A93,A101,4,A124,40,A141,ucretsiz,1,issiz/vasifsiz,1,A192,A201,0
hesap yok,24,simdiye odendi,mobilya,5511,100-500 DM,1-4 yil,4,A93,A101,1,A123,25,A142,kendi evi,1,vasifli,1,A191,A201,0
>=200 DM,24,simdiye odendi,mobilya,3749,<100 DM,<1 yil,2,A92,A101,4,A123,26,A143,kendi evi,1,vasifli,1,A191,A201,0
0-200 DM,12,simdiye odendi,araba(yeni),685,<100 DM,4-7 yil,2,A94,A101,3,A123,25,A141,kendi evi,1,vasifsiz-yerlesik,1,A191,A201,1
>=200 DM,4,simdiye odendi,araba(yeni),1494,bilinmiyor,<1 yil,1,A93,A101,2,A121,29,A143,kendi evi,1,vasifsiz-yerlesik,2,A191,A202,0
<0 DM,36,bu bankada odendi,mobilya,2746,<100 DM,>=7 yil,4,A93,A101,4,A123,31,A141,kendi evi,1,vasifli,1,A191,A201,1
<0 DM,12,simdiye odendi,mobilya,708,<100 DM,1-4 yil,2,A93,A103,3,A122,38,A143,kendi evi,1,vasifsiz-yerlesik,2,A191,A201,0
0-200 DM,24,simdiye odendi,mobilya,4351,bilinmiyor,1-4 yil,1,A92,A101,4,A122,48,A143,kendi evi,1,vasifsiz-yerlesik,1,A192,A201,0
hesap yok,12,kritik hesap,egitim,701,<100 DM,1-4 yil,4,A93,A101,2,A123,32,A143,kendi evi,2,vasifli,1,A191,A201,0
<0 DM,15,gecmiste gecikme,mobilya,3643,<100 DM,>=7 yil,1,A92,A101,4,A122,27,A143,kendi evi,2,vasifsiz-yerlesik,1,A191,A201,0
0-200 DM,30,kritik hesap,araba(yeni),4249,<100 DM,issiz,4,A94,A101,2,A123,28,A143,kendi evi,2,yonetici/uzman,1,A191,A201,1
<0 DM,24,simdiye odendi,radyo/TV,1938,<100 DM,<1 yil,4,A91,A101,3,A122,32,A143,kendi evi,1,vasifli,1,A191,A201,1
<0 DM,24,simdiye odendi,araba(eski),2910,<100 DM,4-7 yil,2,A93,A101,1,A124,34,A143,ucretsiz,1,yonetici/uzman,1,A192,A201,0
<0 DM,18,simdiye odendi,mobilya,2659,>=1000 DM,1-4 yil,4,A93,A101,2,A123,28,A143,kendi evi,1,vasifli,1,A191,A201,0
hesap yok,18,kritik hesap,araba(yeni),1028,<100 DM,1-4 yil,4,A92,A101,3,A121,36,A143,kendi evi,2,vasifli,1,A191,A201,0
<0 DM,8,kritik hesap,araba(yeni),3398,<100 DM,4-7 yil,1,A93,A101,4,A121,39,A143,kendi evi,2,vasifsiz-yerlesik,1,A191,A202,0
hesap yok,12,kritik hesap,mobilya,5801,bilinmiyor,>=7 yil,2,A93,A101,4,A122,49,A143,kira,1,vasifli,1,A192,A201,0
hesap yok,24,simdiye odendi,araba(yeni),1525,>=1000 DM,4-7 yil,4,A92,A101,3,A123,34,A143,kendi evi,1,vasifli,2,A192,A201,0
>=200 DM,36,simdiye odendi,radyo/TV,4473,<100 DM,>=7 yil,4,A93,A101,2,A123,31,A143,kendi evi,1,vasifli,1,A191,A201,0
0-200 DM,6,simdiye odendi,radyo/TV,1068,<100 DM,>=7 yil,4,A93,A101,4,A123,28,A143,kendi evi,1,vasifli,2,A191,A201,0
<0 DM,24,kritik hesap,araba(eski),6615,<100 DM,issiz,2,A93,A101,4,A124,75,A143,ucretsiz,2,yonetici/uzman,1,A192,A201,0
hesap yok,18,kritik hesap,egitim,1864,100-500 DM,1-4 yil,4,A92,A101,2,A121,30,A143,kendi evi,2,vasifli,1,A191,A201,1
0-200 DM,60,simdiye odendi,araba(yeni),7408,100-500 DM,<1 yil,4,A92,A101,2,A122,24,A143,kendi evi,1,yonetici/uzman,1,A191,A201,1
hesap yok,48,kritik hesap,araba(eski),11590,100-500 DM,1-4 yil,2,A92,A101,4,A123,24,A141,kira,2,vasifsiz-yerlesik,1,A191,A201,1
<0 DM,24,kredi yok/hepsi odendi,mobilya,4110,<100 DM,>=7 yil,3,A93,A101,4,A124,23,A141,kira,2,vasifli,2,A191,A201,1
<0 DM,6,kritik hesap,mobilya,3384,<100 DM,1-4 yil,1,A91,A101,4,A121,44,A143,kira,1,yonetici/uzman,1,A192,A201,1
0-200 DM,13,simdiye odendi,radyo/TV,2101,<100 DM,<1 yil,2,A92,A103,4,A122,23,A143,kendi evi,1,vasifsiz-yerlesik,1,A191,A201,0
<0 DM,15,simdiye odendi,ev aleti,1275,bilinmiyor,1-4 yil,4,A92,A101,2,A123,24,A143,kira,1,vasifli,1,A191,A201,1
<0 DM,24,simdiye odendi,mobilya,4169,<100 DM,1-4 yil,4,A93,A101,4,A122,28,A143,kendi evi,1,vasifli,1,A191,A201,0
0-200 DM,10,simdiye odendi,mobilya,1521,<100 DM,1-4 yil,4,A91,A101,2,A123,31,A143,kendi evi,1,vasifsiz-yerlesik,1,A191,A201,0
0-200 DM,24,kritik hesap,egitim,5743,<100 DM,<1 yil,2,A92,A101,4,A124,24,A143,ucretsiz,2,vasifli,1,A192,A201,0
<0 DM,21,simdiye odendi,mobilya,3599,<100 DM,4-7 yil,1,A92,A101,4,A123,26,A143,kira,1,vasifsiz-yerlesik,1,A191,A201,0
0-200 DM,18,simdiye odendi,radyo/TV,3213,500-1000 DM,<1 yil,1,A94,A101,3,A121,25,A143,kira,1,vasifli,1,A191,A201,0
0-200 DM,18,simdiye odendi,is,4439,<100 DM,>=7 yil,1,A93,A102,1,A121,33,A141,kendi evi,1,yonetici/uzman,1,A192,A201,0
>=200 DM,10,simdiye odendi,araba(yeni),3949,<100 DM,<1 yil,1,A93,A103,1,A122,37,A143,kendi evi,1,vasifsiz-yerlesik,2,A191,A201,0
hesap yok,15,kritik hesap,radyo/TV,1459,<100 DM,1-4 yil,4,A92,A101,2,A123,43,A143,kendi evi,1,vasifsiz-yerlesik,1,A191,A201,0
0-200 DM,13,kritik hesap,radyo/TV,882,<100 DM,<1 yil,4,A93,A103,4,A121,23,A143,kendi evi,2,vasifli,1,A191,A201,0
0-200 DM,24,simdiye odendi,radyo/TV,3758,500-1000 DM,issiz,1,A92,A101,4,A124,23,A143,kira,1,issiz/vasifsiz,1,A191,A201,0
hesap yok,6,gecmiste gecikme,is,1743,100-500 DM,1-4 yil,1,A93,A101,2,A121,34,A143,kendi evi,2,vasifsiz-yerlesik,1,A191,A201,0
0-200 DM,9,kritik hesap,egitim,1136,>=1000 DM,>=7 yil,4,A93,A101,3,A124,32,A143,ucretsiz,2,vasifli,2,A191,A201,1
hesap yok,9,simdiye odendi,ev aleti,1236,<100 DM,<1 yil,1,A92,A101,4,A121,23,A143,kira,1,vasifli,1,A192,A201,0
0-200 DM,9,simdiye odendi,mobilya,959,<100 DM,1-4 yil,1,A92,A101,2,A123,29,A143,kendi evi,1,vasifli,1,A191,A202,1
hesap yok,18,kritik hesap,araba(eski),3229,bilinmiyor,issiz,2,A93,A101,4,A124,38,A143,kendi evi,1,yonetici/uzman,1,A192,A201,0
<0 DM,12,kredi yok/hepsi odendi,radyo/TV,6199,<100 DM,1-4 yil,4,A93,A101,2,A122,28,A143,kira,2,vasifli,1,A192,A201,1
hesap yok,10,simdiye odendi,egitim,727,500-1000 DM,>=7 yil,4,A93,A101,4,A124,46,A143,ucretsiz,1,vasifli,1,A192,A201,0
0-200 DM,24,simdiye odendi,araba(yeni),1246,<100 DM,<1 yil,4,A93,A101,2,A121,23,A142,kendi evi,1,vasifsiz-yerlesik,1,A191,A201,1
hesap yok,12,kritik hesap,radyo/TV,2331,bilinmiyor,>=7 yil,1,A93,A102,4,A121,49,A143,kendi evi,1,vasifli,1,A192,A201,0
hesap yok,36,gecmiste gecikme,radyo/TV,4463,<100 DM,1-4 yil,4,A93,A101,2,A123,26,A143,kendi evi,2,yonetici/uzman,1,A192,A201,1
hesap yok,12,simdiye odendi,radyo/TV,776,<100 DM,1-4 yil,4,A94,A101,2,A121,28,A143,kendi evi,1,vasifli,1,A191,A201,0
<0 DM,30,simdiye odendi,mobilya,2406,<100 DM,4-7 yil,4,A92,A101,4,A121,23,A143,kira,1,vasifli,1,A191,A201,1
0-200 DM,18,simdiye odendi,egitim,1239,bilinmiyor,1-4 yil,4,A93,A101,4,A124,61,A143,ucretsiz,1,vasifli,1,A191,A201,0
>=200 DM,12,simdiye odendi,radyo/TV,3399,bilinmiyor,>=7 yil,2,A93,A101,3,A123,37,A143,kendi evi,1,yonetici/uzman,1,A191,A201,0
>=200 DM,12,gecmiste gecikme,araba(yeni),2247,<100 DM,1-4 yil,2,A92,A101,2,A123,36,A142,kendi evi,2,vasifli,1,A192,A201,0
hesap yok,6,simdiye odendi,mobilya,1766,<100 DM,1-4 yil,1,A94,A101,2,A122,21,A143,kira,1,vasifli,1,A191,A201,0
<0 DM,18,simdiye odendi,mobilya,2473,<100 DM,issiz,4,A93,A101,1,A123,25,A143,kendi evi,1,issiz/vasifsiz,1,A191,A201,1
hesap yok,12,simdiye odendi,is,1542,<100 DM,4-7 yil,2,A93,A101,4,A123,36,A143,kendi evi,1,vasifli,1,A192,A201,0
hesap yok,18,kritik hesap,araba(eski),3850,<100 DM,4-7 yil,3,A93,A101,1,A123,27,A143,kendi evi,2,vasifli,1,A191,A201,0
<0 DM,18,simdiye odendi,mobilya,3650,<100 DM,<1 yil,1,A92,A101,4,A123,22,A143,kira,1,vasifli,1,A191,A201,0
<0 DM,36,simdiye odendi,mobilya,3446,<100 DM,>=7 yil,4,A93,A101,2,A123,42,A143,kendi evi,1,vasifli,2,A191,A201,1
0-200 DM,18,simdiye odendi,mobilya,3001,<100 DM,4-7 yil,2,A92,A101,4,A121,40,A143,kira,1,vasifli,1,A191,A201,0
hesap yok,36,simdiye odendi,araba(yeni),3079,bilinmiyor,1-4 yil,4,A93,A101,4,A121,36,A143,kendi evi,1,vasifli,1,A191,A201,0
hesap yok,18,kritik hesap,radyo/TV,6070,<100 DM,>=7 yil,3,A93,A101,4,A123,33,A143,kendi evi,2,vasifli,1,A192,A201,0
hesap yok,10,kritik hesap,mobilya,2146,<100 DM,<1 yil,1,A92,A101,3,A121,23,A143,kira,2,vasifli,1,A191,A201,0
hesap yok,60,kritik hesap,araba(yeni),13756,bilinmiyor,>=7 yil,2,A93,A101,4,A124,63,A141,ucretsiz,1,yonetici/uzman,1,A192,A201,0
0-200 DM,60,bu bankada odendi,diger,14782,100-500 DM,>=7 yil,3,A92,A101,4,A124,60,A141,ucretsiz,2,yonetici/uzman,1,A192,A201,1
<0 DM,48,bu bankada odendi,is,7685,<100 DM,4-7 yil,2,A92,A103,4,A123,37,A143,kira,1,vasifli,1,A191,A201,1
hesap yok,18,gecmiste gecikme,radyo/TV,2320,<100 DM,issiz,2,A94,A101,3,A121,34,A143,kendi evi,2,vasifli,1,A191,A201,0
hesap yok,7,gecmiste gecikme,radyo/TV,846,bilinmiyor,>=7 yil,3,A93,A101,4,A124,36,A143,ucretsiz,1,vasifli,1,A191,A201,0
0-200 DM,36,simdiye odendi,araba(yeni),14318,<100 DM,>=7 yil,4,A93,A101,2,A124,57,A143,ucretsiz,1,yonetici/uzman,1,A192,A201,1
hesap yok,6,kritik hesap,araba(yeni),362,100-500 DM,1-4 yil,4,A92,A101,4,A123,52,A143,kendi evi,2,vasifsiz-yerlesik,1,A191,A201,0
<0 DM,20,simdiye odendi,mobilya,2212,bilinmiyor,4-7 yil,4,A93,A101,4,A123,39,A143,kendi evi,1,vasifli,1,A192,A201,0
0-200 DM,18,simdiye odendi,araba(eski),12976,<100 DM,issiz,3,A92,A101,4,A124,38,A143,ucretsiz,1,yonetici/uzman,1,A192,A201,1
hesap yok,22,simdiye odendi,araba(yeni),1283,bilinmiyor,4-7 yil,4,A92,A101,4,A122,25,A143,kira,1,vasifli,1,A191,A201,0
>=200 DM,12,simdiye odendi,araba(yeni),1330,<100 DM,<1 yil,4,A93,A101,1,A121,26,A143,kendi evi,1,vasifli,1,A191,A201,0
hesap yok,30,gecmiste gecikme,is,4272,100-500 DM,1-4 yil,2,A93,A101,2,A122,26,A143,kendi evi,2,vasifsiz-yerlesik,1,A191,A201,0
hesap yok,18,kritik hesap,radyo/TV,2238,<100 DM,1-4 yil,2,A92,A101,1,A123,25,A143,kendi evi,2,vasifli,1,A191,A201,0
hesap yok,18,simdiye odendi,radyo/TV,1126,bilinmiyor,<1 yil,4,A92,A101,2,A121,21,A143,kira,1,vasifli,1,A192,A201,0
0-200 DM,18,kritik hesap,mobilya,7374,<100 DM,issiz,4,A93,A101,4,A122,40,A142,kendi evi,2,yonetici/uzman,1,A192,A201,0
0-200 DM,15,kritik hesap,is,2326,500-1000 DM,1-4 yil,2,A93,A101,4,A123,27,A141,kendi evi,1,vasifli,1,A191,A201,0
hesap yok,9,simdiye odendi,is,1449,<100 DM,4-7 yil,3,A92,A101,2,A123,27,A143,kendi evi,2,vasifli,1,A191,A201,0
hesap yok,18,simdiye odendi,araba(yeni),1820,<100 DM,1-4 yil,2,A94,A101,2,A122,30,A143,kendi evi,1,yonetici/uzman,1,A192,A201,0
0-200 DM,12,simdiye odendi,mobilya,983,>=1000 DM,<1 yil,1,A92,A101,4,A121,19,A143,kira,1,vasifsiz-yerlesik,1,A191,A201,0
<0 DM,36,simdiye odendi,araba(yeni),3249,<100 DM,4-7 yil,2,A93,A101,4,A124,39,A141,ucretsiz,1,yonetici/uzman,2,A192,A201,0
<0 DM,6,kritik hesap,radyo/TV,1957,<100 DM,4-7 yil,1,A92,A101,4,A123,31,A143,kendi evi,1,vasifli,1,A191,A201,0
hesap yok,9,kritik hesap,mobilya,2406,<100 DM,issiz,2,A93,A101,3,A123,31,A143,kendi evi,1,yonetici/uzman,1,A191,A201,0
0-200 DM,39,gecmiste gecikme,egitim,11760,100-500 DM,4-7 yil,2,A93,A101,3,A124,32,A143,kira,1,vasifli,1,A192,A201,0
<0 DM,12,simdiye odendi,mobilya,2578,<100 DM,issiz,3,A92,A101,4,A124,55,A143,ucretsiz,1,yonetici/uzman,1,A191,A201,0
<0 DM,36,kritik hesap,mobilya,2348,<100 DM,1-4 yil,3,A94,A101,2,A122,46,A143,kendi evi,2,vasifli,1,A192,A201,0
0-200 DM,12,simdiye odendi,araba(yeni),1223,<100 DM,>=7 yil,1,A91,A101,1,A121,46,A143,kira,2,vasifli,1,A191,A201,1
hesap yok,24,kritik hesap,radyo/TV,1516,>=1000 DM,1-4 yil,4,A92,A101,1,A121,43,A143,kendi evi,2,vasifsiz-yerlesik,1,A191,A201,0
hesap yok,18,simdiye odendi,radyo/TV,1473,<100 DM,<1 yil,3,A94,A101,4,A121,39,A143,kendi evi,1,vasifli,1,A192,A201,0
0-200 DM,18,kritik hesap,is,1887,bilinmiyor,1-4 yil,4,A94,A101,4,A121,28,A141,kendi evi,2,vasifli,1,A191,A201,0
hesap yok,24,gecmiste gecikme,is,8648,<100 DM,<1 yil,2,A93,A101,2,A123,27,A141,kendi evi,2,vasifli,1,A192,A201,1
hesap yok,14,gecmiste gecikme,araba(yeni),802,<100 DM,1-4 yil,4,A93,A101,2,A123,27,A143,kendi evi,2,vasifsiz-yerlesik,1,A191,A201,0
0-200 DM,18,gecmiste gecikme,araba(yeni),2899,bilinmiyor,>=7 yil,4,A93,A101,4,A123,43,A143,kendi evi,1,vasifli,2,A191,A201,0
0-200 DM,24,simdiye odendi,radyo/TV,2039,<100 DM,<1 yil,1,A94,A101,1,A122,22,A143,kendi evi,1,vasifli,1,A192,A201,1
hesap yok,24,kritik hesap,araba(eski),2197,bilinmiyor,4-7 yil,4,A93,A101,4,A123,43,A143,kendi evi,2,vasifli,2,A192,A201,0
<0 DM,15,simdiye odendi,radyo/TV,1053,<100 DM,<1 yil,4,A94,A101,2,A121,27,A143,kendi evi,1,vasifli,1,A191,A202,0
hesap yok,24,simdiye odendi,radyo/TV,3235,500-1000 DM,>=7 yil,3,A91,A101,2,A123,26,A143,kendi evi,1,yonetici/uzman,1,A192,A201,0
>=200 DM,12,kritik hesap,araba(yeni),939,500-1000 DM,4-7 yil,4,A94,A101,2,A121,28,A143,kendi evi,3,vasifli,1,A192,A201,1
0-200 DM,24,simdiye odendi,radyo/TV,1967,<100 DM,>=7 yil,4,A92,A101,4,A123,20,A143,kendi evi,1,vasifli,1,A192,A201,0
hesap yok,33,kritik hesap,araba(eski),7253,<100 DM,4-7 yil,3,A93,A101,2,A123,35,A143,kendi evi,2,yonetici/uzman,1,A192,A201,0
hesap yok,12,kritik hesap,is,2292,<100 DM,issiz,4,A93,A101,2,A123,42,A142,kendi evi,2,yonetici/uzman,1,A192,A201,1
hesap yok,10,simdiye odendi,araba(yeni),1597,500-1000 DM,1-4 yil,3,A93,A101,2,A124,40,A143,kira,1,vasifsiz-yerlesik,2,A191,A202,0
<0 DM,24,simdiye odendi,araba(yeni),1381,bilinmiyor,1-4 yil,4,A92,A101,2,A122,35,A143,kendi evi,1,vasifli,1,A191,A201,1
hesap yok,36,kritik hesap,araba(eski),5842,<100 DM,>=7 yil,2,A93,A101,2,A122,35,A143,kendi evi,2,vasifli,2,A192,A201,0
<0 DM,12,simdiye odendi,araba(yeni),2579,<100 DM,<1 yil,4,A93,A101,1,A121,33,A143,kendi evi,1,vasifsiz-yerlesik,2,A191,A201,1
<0 DM,18,gecmiste gecikme,egitim,8471,bilinmiyor,1-4 yil,1,A92,A101,2,A123,23,A143,kira,2,vasifli,1,A192,A201,0
hesap yok,21,simdiye odendi,araba(yeni),2782,500-1000 DM,4-7 yil,1,A92,A101,2,A123,31,A141,kendi evi,1,yonetici/uzman,1,A191,A201,0
0-200 DM,18,simdiye odendi,araba(yeni),1042,bilinmiyor,1-4 yil,4,A92,A101,2,A122,33,A143,kendi evi,1,vasifli,1,A191,A201,1
hesap yok,15,simdiye odendi,araba(yeni),3186,>=1000 DM,4-7 yil,2,A92,A101,3,A123,20,A143,kira,1,vasifli,1,A191,A201,0
0-200 DM,12,simdiye odendi,araba(eski),2028,bilinmiyor,1-4 yil,4,A93,A101,2,A123,30,A143,kendi evi,1,vasifli,1,A191,A201,0
0-200 DM,12,kritik hesap,araba(yeni),958,<100 DM,4-7 yil,2,A93,A101,3,A121,47,A143,kendi evi,2,vasifsiz-yerlesik,2,A191,A201,0
hesap yok,21,gecmiste gecikme,mobilya,1591,100-500 DM,4-7 yil,4,A93,A101,3,A121,34,A143,kendi evi,2,yonetici/uzman,1,A191,A201,0
0-200 DM,12,simdiye odendi,mobilya,2762,bilinmiyor,>=7 yil,1,A92,A101,2,A122,25,A141,kendi evi,1,vasifli,1,A192,A201,1
0-200 DM,18,simdiye odendi,araba(eski),2779,<100 DM,1-4 yil,1,A94,A101,3,A123,21,A143,kira,1,vasifli,1,A192,A201,0
hesap yok,28,kritik hesap,radyo/TV,2743,<100 DM,>=7 yil,4,A93,A101,2,A123,29,A143,kendi evi,2,vasifli,1,A191,A201,0
hesap yok,18,kritik hesap,radyo/TV,1149,>=1000 DM,1-4 yil,4,A93,A101,3,A121,46,A143,kendi evi,2,vasifli,1,A191,A201,0
hesap yok,9,simdiye odendi,mobilya,1313,<100 DM,>=7 yil,1,A93,A101,4,A123,20,A143,kendi evi,1,vasifli,1,A191,A201,0
<0 DM,18,kritik hesap,tamirat,1190,<100 DM,issiz,2,A92,A101,4,A124,55,A143,ucretsiz,3,issiz/vasifsiz,2,A191,A201,1
hesap yok,5,simdiye odendi,is,3448,<100 DM,4-7 yil,1,A93,A101,4,A121,74,A143,kendi evi,1,vasifsiz-yerlesik,1,A191,A201,0
0-200 DM,24,simdiye odendi,diger,11328,<100 DM,1-4 yil,2,A93,A102,3,A123,29,A141,kendi evi,2,yonetici/uzman,1,A192,A201,1
<0 DM,6,kritik hesap,mobilya,1872,<100 DM,issiz,4,A93,A101,4,A124,36,A143,ucretsiz,3,yonetici/uzman,1,A192,A201,0
hesap yok,24,kritik hesap,tamirat,2058,<100 DM,1-4 yil,4,A91,A101,2,A121,33,A143,kendi evi,2,vasifli,1,A192,A201,0
<0 DM,9,simdiye odendi,mobilya,2136,<100 DM,1-4 yil,3,A93,A101,2,A121,25,A143,kendi evi,1,vasifli,1,A191,A201,0
0-200 DM,12,simdiye odendi,radyo/TV,1484,bilinmiyor,1-4 yil,2,A94,A101,1,A121,25,A143,kendi evi,1,vasifli,1,A192,A201,1
hesap yok,6,simdiye odendi,tamirat,660,500-1000 DM,4-7 yil,2,A94,A101,4,A121,23,A143,kira,1,vasifsiz-yerlesik,1,A191,A201,0
hesap yok,24,kritik hesap,araba(yeni),1287,>=1000 DM,>=7 yil,4,A92,A101,4,A121,37,A143,kendi evi,2,vasifli,1,A192,A201,0
<0 DM,42,kritik hesap,tamirat,3394,<100 DM,issiz,4,A93,A102,4,A123,65,A143,kendi evi,2,issiz/vasifsiz,1,A191,A201,0
>=200 DM,12,bu bankada odendi,is,609,<100 DM,<1 yil,4,A92,A101,1,A121,26,A143,kendi evi,1,issiz/vasifsiz,1,A191,A201,1
hesap yok,12,simdiye odendi,araba(yeni),1884,<100 DM,>=7 yil,4,A93,A101,4,A123,39,A143,kendi evi,1,yonetici/uzman,1,A192,A201,0
<0 DM,12,simdiye odendi,mobilya,1620,<100 DM,1-4 yil,2,A92,A102,3,A122,30,A143,kendi evi,1,vasifli,1,A191,A201,0
0-200 DM,20,gecmiste gecikme,diger,2629,<100 DM,1-4 yil,2,A93,A101,3,A123,29,A141,kendi evi,2,vasifli,1,A192,A201,0
hesap yok,12,simdiye odendi,egitim,719,<100 DM,>=7 yil,4,A93,A101,4,A123,41,A141,kendi evi,1,vasifsiz-yerlesik,2,A191,A201,1
0-200 DM,48,kritik hesap,mobilya,5096,<100 DM,1-4 yil,2,A92,A101,3,A123,30,A143,kendi evi,1,yonetici/uzman,1,A192,A201,1
hesap yok,9,kritik hesap,egitim,1244,bilinmiyor,>=7 yil,4,A92,A101,4,A122,41,A143,kira,2,vasifsiz-yerlesik,1,A191,A201,0
<0 DM,36,simdiye odendi,araba(yeni),1842,<100 DM,<1 yil,4,A92,A101,4,A123,34,A143,kendi evi,1,vasifli,1,A192,A201,1
0-200 DM,7,simdiye odendi,radyo/TV,2576,<100 DM,1-4 yil,2,A93,A103,2,A121,35,A143,kendi evi,1,vasifli,1,A191,A201,0
>=200 DM,12,simdiye odendi,mobilya,1424,bilinmiyor,>=7 yil,3,A92,A101,4,A121,55,A143,kendi evi,1,yonetici/uzman,1,A192,A201,0
0-200 DM,15,gecmiste gecikme,tamirat,1512,>=1000 DM,1-4 yil,3,A94,A101,3,A122,61,A142,kendi evi,2,vasifli,1,A191,A201,1
hesap yok,36,kritik hesap,araba(eski),11054,bilinmiyor,1-4 yil,4,A93,A101,2,A123,30,A143,kendi evi,1,yonetici/uzman,1,A192,A201,0
hesap yok,6,simdiye odendi,radyo/TV,518,<100 DM,1-4 yil,3,A92,A101,1,A121,29,A143,kendi evi,1,vasifli,1,A191,A201,0
hesap yok,12,kredi yok/hepsi odendi,mobilya,2759,<100 DM,>=7 yil,2,A93,A101,4,A122,34,A143,kendi evi,2,vasifli,1,A191,A201,0
hesap yok,24,simdiye odendi,araba(eski),2670,<100 DM,>=7 yil,4,A93,A101,4,A123,35,A143,kendi evi,1,yonetici/uzman,1,A192,A201,0
<0 DM,24,simdiye odendi,araba(yeni),4817,<100 DM,4-7 yil,2,A93,A102,3,A122,31,A143,kendi evi,1,vasifli,1,A192,A201,1
hesap yok,24,simdiye odendi,araba(eski),2679,<100 DM,<1 yil,4,A92,A101,1,A124,29,A143,kendi evi,1,yonetici/uzman,1,A192,A201,0
<0 DM,11,kritik hesap,araba(yeni),3905,<100 DM,1-4 yil,2,A93,A101,2,A121,36,A143,kira,2,vasifli,2,A191,A201,0
<0 DM,12,simdiye odendi,araba(eski),3386,<100 DM,>=7 yil,3,A93,A101,4,A124,35,A143,ucretsiz,1,vasifli,1,A192,A201,1
<0 DM,6,simdiye odendi,ev aleti,343,<100 DM,<1 yil,4,A92,A101,1,A121,27,A143,kendi evi,1,vasifli,1,A191,A201,0
hesap yok,18,simdiye odendi,radyo/TV,4594,<100 DM,<1 yil,3,A93,A101,2,A123,32,A143,kendi evi,1,vasifli,1,A192,A201,0
<0 DM,36,simdiye odendi,mobilya,3620,<100 DM,1-4 yil,1,A93,A103,2,A122,37,A143,kendi evi,1,vasifli,2,A191,A201,0
<0 DM,15,simdiye odendi,araba(yeni),1721,<100 DM,<1 yil,2,A93,A101,3,A121,36,A143,kendi evi,1,vasifli,1,A191,A201,0
0-200 DM,12,simdiye odendi,mobilya,3017,<100 DM,<1 yil,3,A92,A101,1,A121,34,A143,kira,1,yonetici/uzman,1,A191,A201,0
0-200 DM,12,simdiye odendi,yeniden egitim,754,bilinmiyor,>=7 yil,4,A93,A101,4,A122,38,A143,kendi evi,2,vasifli,1,A191,A201,0
hesap yok,18,simdiye odendi,is,1950,<100 DM,4-7 yil,4,A93,A101,1,A123,34,A142,kendi evi,2,vasifli,1,A192,A201,0
<0 DM,24,simdiye odendi,araba(eski),2924,<100 DM,1-4 yil,3,A93,A103,4,A124,63,A141,kendi evi,1,vasifli,2,A192,A201,0
<0 DM,24,gecmiste gecikme,radyo/TV,1659,<100 DM,<1 yil,4,A92,A101,2,A123,29,A143,kira,1,vasifsiz-yerlesik,1,A192,A201,1
hesap yok,48,gecmiste gecikme,radyo/TV,7238,bilinmiyor,>=7 yil,3,A93,A101,3,A123,32,A141,kendi evi,2,vasifli,2,A191,A201,0
hesap yok,33,gecmiste gecikme,is,2764,<100 DM,1-4 yil,2,A92,A101,2,A123,26,A143,kendi evi,2,vasifli,1,A192,A201,0
hesap yok,24,gecmiste gecikme,araba(eski),4679,<100 DM,4-7 yil,3,A93,A101,3,A123,35,A143,kendi evi,2,vasifsiz-yerlesik,1,A192,A201,0
0-200 DM,24,simdiye odendi,radyo/TV,3092,100-500 DM,<1 yil,3,A94,A101,2,A123,22,A143,kira,1,vasifli,1,A192,A201,1
<0 DM,6,simdiye odendi,egitim,448,<100 DM,<1 yil,4,A92,A101,4,A122,23,A143,kendi evi,1,vasifli,1,A191,A201,1
<0 DM,9,simdiye odendi,araba(yeni),654,<100 DM,1-4 yil,4,A93,A101,3,A123,28,A143,kendi evi,1,vasifsiz-yerlesik,1,A191,A201,1
hesap yok,6,simdiye odendi,yeniden egitim,1238,bilinmiyor,issiz,4,A93,A101,4,A122,36,A143,kendi evi,1,yonetici/uzman,2,A192,A201,0
0-200 DM,18,kritik hesap,radyo/TV,1245,<100 DM,1-4 yil,4,A94,A101,2,A123,33,A143,kendi evi,1,vasifli,1,A191,A201,1
<0 DM,18,kredi yok/hepsi odendi,mobilya,3114,<100 DM,<1 yil,1,A92,A101,4,A122,26,A143,kira,1,vasifli,1,A191,A201,1
hesap yok,39,simdiye odendi,araba(eski),2569,500-1000 DM,1-4 yil,4,A93,A101,4,A123,24,A143,kendi evi,1,vasifli,1,A191,A201,0
>=200 DM,24,simdiye odendi,radyo/TV,5152,<100 DM,4-7 yil,4,A93,A101,2,A123,25,A141,kendi evi,1,vasifli,1,A191,A201,0
0-200 DM,12,simdiye odendi,is,1037,100-500 DM,4-7 yil,3,A93,A101,4,A121,39,A143,kendi evi,1,vasifsiz-yerlesik,1,A191,A201,0
<0 DM,15,kritik hesap,mobilya,1478,<100 DM,>=7 yil,4,A93,A101,4,A123,44,A143,kendi evi,2,vasifli,2,A192,A201,0
0-200 DM,12,kritik hesap,radyo/TV,3573,<100 DM,1-4 yil,1,A92,A101,1,A121,23,A143,kendi evi,1,vasifsiz-yerlesik,1,A191,A201,0
0-200 DM,24,simdiye odendi,araba(yeni),1201,<100 DM,<1 yil,4,A93,A101,1,A122,26,A143,kendi evi,1,vasifli,1,A191,A201,0
<0 DM,30,simdiye odendi,mobilya,3622,>=1000 DM,>=7 yil,4,A92,A101,4,A122,57,A143,kira,2,vasifli,1,A192,A201,0
hesap yok,15,gecmiste gecikme,mobilya,960,>=1000 DM,4-7 yil,3,A92,A101,2,A122,30,A143,kendi evi,2,vasifli,1,A191,A201,0
hesap yok,12,kritik hesap,araba(yeni),1163,500-1000 DM,1-4 yil,4,A93,A101,4,A121,44,A143,kendi evi,1,vasifli,1,A192,A201,0
0-200 DM,6,gecmiste gecikme,araba(yeni),1209,<100 DM,issiz,4,A93,A101,4,A122,47,A143,kendi evi,1,yonetici/uzman,1,A192,A201,1
hesap yok,12,simdiye odendi,radyo/TV,3077,<100 DM,1-4 yil,2,A93,A101,4,A123,52,A143,kendi evi,1,vasifli,1,A192,A201,0
hesap yok,24,simdiye odendi,araba(yeni),3757,<100 DM,>=7 yil,4,A92,A102,4,A124,62,A143,ucretsiz,1,vasifli,1,A192,A201,0
hesap yok,10,simdiye odendi,araba(yeni),1418,100-500 DM,1-4 yil,3,A93,A101,2,A121,35,A143,kira,1,vasifsiz-yerlesik,1,A191,A202,0
hesap yok,6,simdiye odendi,araba(yeni),3518,<100 DM,1-4 yil,2,A93,A103,3,A122,26,A143,kira,1,vasifli,1,A191,A201,0
hesap yok,12,kritik hesap,radyo/TV,1934,<100 DM,>=7 yil,2,A93,A101,2,A124,26,A143,kendi evi,2,vasifli,1,A191,A201,0
0-200 DM,27,kredi yok/hepsi odendi,is,8318,<100 DM,>=7 yil,2,A92,A101,4,A124,42,A143,ucretsiz,2,yonetici/uzman,1,A192,A201,1
hesap yok,6,kritik hesap,radyo/TV,1237,100-500 DM,1-4 yil,1,A92,A101,1,A122,27,A143,kendi evi,2,vasifli,1,A191,A201,0
0-200 DM,6,simdiye odendi,radyo/TV,368,bilinmiyor,>=7 yil,4,A93,A101,4,A122,38,A143,kendi evi,1,vasifli,1,A191,A201,0
<0 DM,12,kritik hesap,araba(yeni),2122,<100 DM,1-4 yil,3,A93,A101,2,A121,39,A143,kira,2,vasifsiz-yerlesik,2,A191,A202,0
<0 DM,24,simdiye odendi,mobilya,2996,bilinmiyor,1-4 yil,2,A94,A101,4,A123,20,A143,kendi evi,1,vasifli,1,A191,A201,1
0-200 DM,36,simdiye odendi,mobilya,9034,100-500 DM,<1 yil,4,A93,A102,1,A124,29,A143,kira,1,yonetici/uzman,1,A192,A201,1
hesap yok,24,kritik hesap,mobilya,1585,<100 DM,4-7 yil,4,A93,A101,3,A122,40,A143,kendi evi,2,vasifli,1,A191,A201,0
0-200 DM,18,simdiye odendi,radyo/TV,1301,<100 DM,>=7 yil,4,A94,A103,2,A121,32,A143,kendi evi,1,vasifsiz-yerlesik,1,A191,A201,0
>=200 DM,6,kritik hesap,araba(yeni),1323,100-500 DM,>=7 yil,2,A91,A101,4,A123,28,A143,kendi evi,2,vasifli,2,A192,A201,0
<0 DM,24,simdiye odendi,araba(yeni),3123,<100 DM,<1 yil,4,A92,A101,1,A122,27,A143,kendi evi,1,vasifli,1,A191,A201,1
<0 DM,36,simdiye odendi,araba(eski),5493,<100 DM,>=7 yil,2,A93,A101,4,A124,42,A143,ucretsiz,1,vasifli,2,A191,A201,0
>=200 DM,9,simdiye odendi,radyo/TV,1126,100-500 DM,>=7 yil,2,A91,A101,4,A121,49,A143,kendi evi,1,vasifli,1,A191,A201,0
0-200 DM,24,kritik hesap,radyo/TV,1216,100-500 DM,<1 yil,4,A93,A101,4,A124,38,A141,kendi evi,2,vasifli,2,A191,A201,1
<0 DM,24,simdiye odendi,araba(yeni),1207,<100 DM,<1 yil,4,A92,A101,4,A122,24,A143,kira,1,vasifli,1,A191,A201,1
hesap yok,10,simdiye odendi,araba(yeni),1309,bilinmiyor,1-4 yil,4,A93,A103,4,A122,27,A143,kendi evi,1,vasifsiz-yerlesik,1,A191,A201,1
>=200 DM,15,kritik hesap,araba(eski),2360,500-1000 DM,1-4 yil,2,A93,A101,2,A123,36,A143,kendi evi,1,vasifli,1,A192,A201,0
0-200 DM,15,bu bankada odendi,araba(yeni),6850,100-500 DM,issiz,1,A93,A101,2,A122,34,A143,kendi evi,1,yonetici/uzman,2,A192,A201,1
hesap yok,24,simdiye odendi,radyo/TV,1413,<100 DM,1-4 yil,4,A94,A101,2,A122,28,A143,kendi evi,1,vasifli,1,A191,A201,0
hesap yok,39,simdiye odendi,araba(eski),8588,100-500 DM,>=7 yil,4,A93,A101,2,A123,45,A143,kendi evi,1,yonetici/uzman,1,A192,A201,0
<0 DM,12,simdiye odendi,araba(yeni),759,<100 DM,4-7 yil,4,A93,A101,2,A121,26,A143,kendi evi,1,vasifli,1,A191,A201,1
hesap yok,36,simdiye odendi,araba(eski),4686,<100 DM,1-4 yil,2,A93,A101,2,A124,32,A143,ucretsiz,1,yonetici/uzman,1,A192,A201,0
>=200 DM,15,simdiye odendi,is,2687,<100 DM,4-7 yil,2,A93,A101,4,A122,26,A143,kira,1,vasifli,1,A192,A201,0
0-200 DM,12,gecmiste gecikme,radyo/TV,585,<100 DM,1-4 yil,4,A94,A102,4,A121,20,A143,kira,2,vasifli,1,A191,A201,0
hesap yok,24,simdiye odendi,araba(yeni),2255,bilinmiyor,<1 yil,4,A93,A101,1,A122,54,A143,kendi evi,1,vasifli,1,A191,A201,0
<0 DM,6,kritik hesap,araba(yeni),609,<100 DM,4-7 yil,4,A92,A101,3,A122,37,A143,kendi evi,2,vasifli,1,A191,A202,0
<0 DM,6,kritik hesap,araba(yeni),1361,<100 DM,<1 yil,2,A93,A101,4,A121,40,A143,kendi evi,1,vasifsiz-yerlesik,2,A191,A202,0
hesap yok,36,kritik hesap,mobilya,7127,<100 DM,<1 yil,2,A92,A101,4,A122,23,A143,kira,2,vasifli,1,A192,A201,1
<0 DM,6,simdiye odendi,araba(yeni),1203,100-500 DM,>=7 yil,3,A93,A101,2,A122,43,A143,kendi evi,1,vasifli,1,A192,A201,0
hesap yok,6,kritik hesap,radyo/TV,700,bilinmiyor,>=7 yil,4,A93,A101,4,A124,36,A143,ucretsiz,2,vasifli,1,A191,A201,0
hesap yok,24,kritik hesap,tamirat,5507,<100 DM,>=7 yil,3,A93,A101,4,A124,44,A143,ucretsiz,2,vasifli,1,A191,A201,0
<0 DM,18,simdiye odendi,radyo/TV,3190,<100 DM,1-4 yil,2,A92,A101,2,A121,24,A143,kendi evi,1,vasifli,1,A191,A201,1
<0 DM,48,kredi yok/hepsi odendi,mobilya,7119,<100 DM,1-4 yil,3,A93,A101,4,A124,53,A143,ucretsiz,2,vasifli,2,A191,A201,1
hesap yok,24,simdiye odendi,araba(eski),3488,100-500 DM,4-7 yil,3,A92,A101,4,A123,23,A143,kendi evi,1,vasifli,1,A191,A201,0
0-200 DM,18,simdiye odendi,radyo/TV,1113,<100 DM,1-4 yil,4,A92,A103,4,A121,26,A143,kendi evi,1,vasifsiz-yerlesik,2,A191,A201,0
0-200 DM,26,simdiye odendi,araba(eski),7966,<100 DM,<1 yil,2,A93,A101,3,A123,30,A143,kendi evi,2,vasifli,1,A191,A201,0
hesap yok,15,kritik hesap,egitim,1532,100-500 DM,1-4 yil,4,A92,A101,3,A123,31,A143,kendi evi,1,vasifli,1,A191,A201,0
hesap yok,4,kritik hesap,radyo/TV,1503,<100 DM,4-7 yil,2,A93,A101,1,A121,42,A143,kendi evi,2,vasifsiz-yerlesik,2,A191,A201,0
<0 DM,36,simdiye odendi,radyo/TV,2302,<100 DM,1-4 yil,4,A91,A101,4,A123,31,A143,kira,1,vasifli,1,A191,A201,1
<0 DM,6,simdiye odendi,araba(yeni),662,<100 DM,<1 yil,3,A93,A101,4,A121,41,A143,kendi evi,1,vasifsiz-yerlesik,2,A192,A201,0
0-200 DM,36,simdiye odendi,egitim,2273,<100 DM,4-7 yil,3,A93,A101,1,A123,32,A143,kendi evi,2,vasifli,2,A191,A201,0
0-200 DM,15,simdiye odendi,araba(yeni),2631,100-500 DM,1-4 yil,2,A92,A101,4,A123,28,A143,kira,2,vasifli,1,A192,A201,1
hesap yok,12,gecmiste gecikme,araba(eski),1503,<100 DM,1-4 yil,4,A94,A101,4,A121,41,A143,kira,1,vasifli,1,A191,A201,0
hesap yok,24,simdiye odendi,radyo/TV,1311,100-500 DM,4-7 yil,4,A94,A101,3,A122,26,A143,kendi evi,1,vasifli,1,A192,A201,0
hesap yok,24,simdiye odendi,radyo/TV,3105,bilinmiyor,<1 yil,4,A93,A101,2,A123,25,A143,kendi evi,2,vasifli,1,A191,A201,0
>=200 DM,21,kritik hesap,egitim,2319,<100 DM,<1 yil,2,A91,A101,1,A123,33,A143,kira,1,vasifli,1,A191,A201,1
<0 DM,6,simdiye odendi,araba(yeni),1374,bilinmiyor,issiz,4,A92,A101,3,A122,75,A143,kendi evi,1,yonetici/uzman,1,A192,A201,0
0-200 DM,18,kritik hesap,mobilya,3612,<100 DM,>=7 yil,3,A92,A101,4,A122,37,A143,kendi evi,1,vasifli,1,A192,A201,0
<0 DM,48,simdiye odendi,araba(yeni),7763,<100 DM,>=7 yil,4,A93,A101,4,A124,42,A141,ucretsiz,1,yonetici/uzman,1,A191,A201,1
>=200 DM,18,simdiye odendi,mobilya,3049,<100 DM,<1 yil,1,A92,A101,1,A122,45,A142,kendi evi,1,vasifsiz-yerlesik,1,A191,A201,0
0-200 DM,12,simdiye odendi,radyo/TV,1534,<100 DM,<1 yil,1,A94,A101,1,A121,23,A143,kira,1,vasifli,1,A191,A201,1
hesap yok,24,gecmiste gecikme,araba(yeni),2032,<100 DM,>=7 yil,4,A93,A101,4,A124,60,A143,ucretsiz,2,vasifli,1,A192,A201,0
<0 DM,30,simdiye odendi,mobilya,6350,bilinmiyor,>=7 yil,4,A93,A101,4,A122,31,A143,kendi evi,1,vasifli,1,A191,A201,1
>=200 DM,18,simdiye odendi,mobilya,2864,<100 DM,1-4 yil,2,A93,A101,1,A121,34,A143,kendi evi,1,vasifsiz-yerlesik,2,A191,A201,1
hesap yok,12,kritik hesap,araba(yeni),1255,<100 DM,>=7 yil,4,A93,A101,4,A121,61,A143,kendi evi,2,vasifsiz-yerlesik,1,A191,A201,0
<0 DM,24,gecmiste gecikme,araba(yeni),1333,<100 DM,issiz,4,A93,A101,2,A121,43,A143,ucretsiz,2,vasifli,2,A191,A201,1
hesap yok,24,kritik hesap,araba(yeni),2022,<100 DM,1-4 yil,4,A92,A101,4,A123,37,A143,kendi evi,1,vasifli,1,A192,A201,0
hesap yok,24,simdiye odendi,radyo/TV,1552,<100 DM,4-7 yil,3,A93,A101,1,A123,32,A141,kendi evi,1,vasifli,2,A191,A201,0
<0 DM,12,bu bankada odendi,radyo/TV,626,<100 DM,1-4 yil,4,A92,A101,4,A121,24,A141,kendi evi,1,vasifsiz-yerlesik,1,A191,A201,1
hesap yok,48,kritik hesap,araba(eski),8858,bilinmiyor,4-7 yil,2,A93,A101,1,A124,35,A143,ucretsiz,2,vasifli,1,A192,A201,0
hesap yok,12,kritik hesap,tamirat,996,bilinmiyor,4-7 yil,4,A92,A101,4,A121,23,A143,kendi evi,2,vasifli,1,A191,A201,0
hesap yok,6,bu bankada odendi,radyo/TV,1750,500-1000 DM,>=7 yil,2,A93,A101,4,A122,45,A141,kendi evi,1,vasifsiz-yerlesik,2,A191,A201,0
<0 DM,48,simdiye odendi,radyo/TV,6999,<100 DM,4-7 yil,1,A94,A103,1,A121,34,A143,kendi evi,2,vasifli,1,A192,A201,1
0-200 DM,12,kritik hesap,araba(yeni),1995,100-500 DM,<1 yil,4,A93,A101,1,A123,27,A143,kendi evi,1,vasifli,1,A191,A201,0
0-200 DM,9,simdiye odendi,egitim,1199,<100 DM,4-7 yil,4,A92,A101,4,A122,67,A143,kendi evi,2,yonetici/uzman,1,A192,A201,0
0-200 DM,12,simdiye odendi,radyo/TV,1331,<100 DM,<1 yil,2,A93,A101,1,A123,22,A142,kendi evi,1,vasifli,1,A191,A201,1
0-200 DM,18,kredi yok/hepsi odendi,araba(yeni),2278,100-500 DM,<1 yil,3,A92,A101,3,A123,28,A143,kendi evi,2,vasifli,1,A191,A201,1
hesap yok,21,kredi yok/hepsi odendi,araba(yeni),5003,bilinmiyor,1-4 yil,1,A92,A101,4,A122,29,A141,kendi evi,2,vasifli,1,A192,A201,1
<0 DM,24,bu bankada odendi,mobilya,3552,<100 DM,4-7 yil,3,A93,A101,4,A123,27,A141,kendi evi,1,vasifli,1,A191,A201,1
0-200 DM,18,kritik hesap,mobilya,1928,<100 DM,<1 yil,2,A93,A101,2,A121,31,A143,kendi evi,2,vasifsiz-yerlesik,1,A191,A201,1
<0 DM,24,simdiye odendi,araba(eski),2964,bilinmiyor,>=7 yil,4,A93,A101,4,A124,49,A141,ucretsiz,1,vasifli,2,A192,A201,0
<0 DM,24,bu bankada odendi,radyo/TV,1546,<100 DM,4-7 yil,4,A93,A103,4,A123,24,A141,kira,1,vasifsiz-yerlesik,1,A191,A201,1
>=200 DM,6,gecmiste gecikme,radyo/TV,683,<100 DM,<1 yil,2,A92,A101,1,A122,29,A141,kendi evi,1,vasifli,1,A191,A201,0
0-200 DM,36,simdiye odendi,araba(yeni),12389,bilinmiyor,1-4 yil,1,A93,A101,4,A124,37,A143,ucretsiz,1,vasifli,1,A192,A201,1
0-200 DM,24,gecmiste gecikme,is,4712,bilinmiyor,1-4 yil,4,A93,A101,2,A122,37,A141,kendi evi,2,yonetici/uzman,1,A192,A201,0
0-200 DM,24,gecmiste gecikme,radyo/TV,1553,100-500 DM,4-7 yil,3,A92,A101,2,A122,23,A143,kira,2,vasifli,1,A192,A201,0
<0 DM,12,simdiye odendi,araba(yeni),1372,<100 DM,4-7 yil,2,A91,A101,3,A123,36,A143,kendi evi,1,vasifli,1,A191,A201,1
hesap yok,24,kritik hesap,radyo/TV,2578,>=1000 DM,>=7 yil,2,A93,A101,2,A123,34,A143,kendi evi,1,vasifli,1,A191,A201,0
0-200 DM,48,simdiye odendi,radyo/TV,3979,bilinmiyor,4-7 yil,4,A93,A101,1,A123,41,A143,kendi evi,2,vasifli,2,A192,A201,0
<0 DM,48,simdiye odendi,radyo/TV,6758,<100 DM,1-4 yil,3,A92,A101,2,A123,31,A143,kendi evi,1,vasifli,1,A192,A201,1
<0 DM,24,simdiye odendi,mobilya,3234,<100 DM,<1 yil,4,A92,A101,4,A121,23,A143,kira,1,vasifsiz-yerlesik,1,A192,A201,1
hesap yok,30,kritik hesap,radyo/TV,5954,<100 DM,4-7 yil,3,A93,A102,2,A123,38,A143,kendi evi,1,vasifli,1,A191,A201,0
hesap yok,24,simdiye odendi,araba(eski),5433,bilinmiyor,issiz,2,A92,A101,4,A122,26,A143,kira,1,yonetici/uzman,1,A192,A201,0
<0 DM,15,simdiye odendi,is,806,<100 DM,1-4 yil,4,A92,A101,4,A122,22,A143,kendi evi,1,vasifsiz-yerlesik,1,A191,A201,0
0-200 DM,9,simdiye odendi,radyo/TV,1082,<100 DM,>=7 yil,4,A93,A101,4,A123,27,A143,kendi evi,2,vasifsiz-yerlesik,1,A191,A201,0
hesap yok,15,kritik hesap,mobilya,2788,<100 DM,4-7 yil,2,A92,A102,3,A123,24,A141,kendi evi,2,vasifli,1,A191,A201,0
0-200 DM,12,simdiye odendi,radyo/TV,2930,<100 DM,4-7 yil,2,A92,A101,1,A121,27,A143,kendi evi,1,vasifli,1,A191,A201,0
hesap yok,24,kritik hesap,egitim,1927,bilinmiyor,1-4 yil,3,A92,A101,2,A123,33,A143,kendi evi,2,vasifli,1,A192,A201,0
0-200 DM,36,kritik hesap,araba(yeni),2820,<100 DM,<1 yil,4,A91,A101,4,A123,27,A143,kendi evi,2,vasifli,1,A191,A201,1
hesap yok,24,simdiye odendi,yeniden egitim,937,<100 DM,<1 yil,4,A94,A101,3,A123,27,A143,kendi evi,2,vasifsiz-yerlesik,1,A191,A201,0
0-200 DM,18,kritik hesap,araba(yeni),1056,<100 DM,>=7 yil,3,A93,A103,3,A121,30,A141,kendi evi,2,vasifli,1,A191,A201,1
0-200 DM,12,kritik hesap,araba(yeni),3124,<100 DM,<1 yil,1,A93,A101,3,A121,49,A141,kendi evi,2,vasifsiz-yerlesik,2,A191,A201,0
hesap yok,9,simdiye odendi,mobilya,1388,<100 DM,1-4 yil,4,A92,A101,2,A121,26,A143,kira,1,vasifli,1,A191,A201,0
0-200 DM,36,simdiye odendi,tamirat,2384,<100 DM,<1 yil,4,A93,A101,1,A124,33,A143,kira,1,vasifsiz-yerlesik,1,A191,A201,1
hesap yok,12,simdiye odendi,araba(yeni),2133,bilinmiyor,>=7 yil,4,A92,A101,4,A124,52,A143,ucretsiz,1,yonetici/uzman,1,A192,A201,0
<0 DM,18,simdiye odendi,mobilya,2039,<100 DM,1-4 yil,1,A92,A101,4,A121,20,A141,kira,1,vasifli,1,A191,A201,1
<0 DM,9,kritik hesap,araba(yeni),2799,<100 DM,1-4 yil,2,A93,A101,2,A121,36,A143,kira,2,vasifli,2,A191,A201,0
<0 DM,12,simdiye odendi,mobilya,1289,<100 DM,1-4 yil,4,A93,A103,1,A122,21,A143,kendi evi,1,vasifsiz-yerlesik,1,A191,A201,0
<0 DM,18,simdiye odendi,ev aleti,1217,<100 DM,1-4 yil,4,A94,A101,3,A121,47,A143,kendi evi,1,vasifsiz-yerlesik,1,A192,A201,1
<0 DM,12,kritik hesap,mobilya,2246,<100 DM,>=7 yil,3,A93,A101,3,A122,60,A143,kendi evi,2,vasifli,1,A191,A201,1
<0 DM,12,kritik hesap,radyo/TV,385,<100 DM,4-7 yil,4,A92,A101,3,A121,58,A143,kendi evi,4,vasifsiz-yerlesik,1,A192,A201,0
0-200 DM,24,gecmiste gecikme,araba(yeni),1965,bilinmiyor,1-4 yil,4,A92,A101,4,A123,42,A143,kira,2,vasifli,1,A192,A201,0
hesap yok,21,simdiye odendi,is,1572,>=1000 DM,>=7 yil,4,A92,A101,4,A121,36,A141,kendi evi,1,vasifsiz-yerlesik,1,A191,A201,0
0-200 DM,24,simdiye odendi,araba(yeni),2718,<100 DM,1-4 yil,3,A92,A101,4,A122,20,A143,kira,1,vasifsiz-yerlesik,1,A192,A201,1
<0 DM,24,bu bankada odendi,diger,1358,bilinmiyor,>=7 yil,4,A93,A101,3,A123,40,A142,kendi evi,1,yonetici/uzman,1,A192,A201,1
0-200 DM,6,bu bankada odendi,araba(yeni),931,100-500 DM,<1 yil,1,A92,A101,1,A122,32,A142,kendi evi,1,vasifsiz-yerlesik,1,A191,A201,1
<0 DM,24,simdiye odendi,araba(yeni),1442,<100 DM,4-7 yil,4,A92,A101,4,A123,23,A143,kira,2,vasifli,1,A191,A201,1
0-200 DM,24,kredi yok/hepsi odendi,is,4241,<100 DM,1-4 yil,1,A93,A101,4,A121,36,A143,kendi evi,3,vasifsiz-yerlesik,1,A192,A201,1
hesap yok,18,kritik hesap,araba(yeni),2775,<100 DM,4-7 yil,2,A93,A101,2,A122,31,A141,kendi evi,2,vasifli,1,A191,A201,1
hesap yok,24,gecmiste gecikme,is,3863,<100 DM,1-4 yil,1,A93,A101,2,A124,32,A143,ucretsiz,1,vasifli,1,A191,A201,0
0-200 DM,7,simdiye odendi,radyo/TV,2329,<100 DM,<1 yil,1,A92,A103,1,A121,45,A143,kendi evi,1,vasifli,1,A191,A201,0
0-200 DM,9,simdiye odendi,mobilya,918,<100 DM,1-4 yil,4,A92,A101,1,A122,30,A143,kendi evi,1,vasifli,1,A191,A201,1
0-200 DM,24,bu bankada odendi,egitim,1837,<100 DM,4-7 yil,4,A92,A101,4,A124,34,A141,ucretsiz,1,vasifsiz-yerlesik,1,A191,A201,1
hesap yok,36,simdiye odendi,mobilya,3349,<100 DM,1-4 yil,4,A92,A101,2,A123,28,A143,kendi evi,1,yonetici/uzman,1,A192,A201,1
>=200 DM,10,simdiye odendi,mobilya,1275,<100 DM,<1 yil,4,A92,A101,2,A122,23,A143,kendi evi,1,vasifli,1,A191,A201,0
<0 DM,24,bu bankada odendi,mobilya,2828,500-1000 DM,1-4 yil,4,A93,A101,4,A121,22,A142,kendi evi,1,vasifli,1,A192,A201,0
hesap yok,24,kritik hesap,is,4526,<100 DM,1-4 yil,3,A93,A101,2,A121,74,A143,kendi evi,1,yonetici/uzman,1,A192,A201,0
0-200 DM,36,simdiye odendi,radyo/TV,2671,100-500 DM,1-4 yil,4,A92,A102,4,A124,50,A143,ucretsiz,1,vasifli,1,A191,A201,1
hesap yok,18,simdiye odendi,radyo/TV,2051,<100 DM,<1 yil,4,A93,A101,1,A121,33,A143,kendi evi,1,vasifli,1,A191,A201,0
hesap yok,15,simdiye odendi,araba(eski),1300,bilinmiyor,>=7 yil,4,A93,A101,4,A124,45,A141,ucretsiz,1,vasifli,2,A191,A201,0
<0 DM,12,simdiye odendi,ev aleti,741,100-500 DM,issiz,4,A92,A101,3,A122,22,A143,kendi evi,1,vasifli,1,A191,A201,1
>=200 DM,10,simdiye odendi,araba(yeni),1240,100-500 DM,>=7 yil,1,A92,A101,4,A124,48,A143,ucretsiz,1,vasifsiz-yerlesik,2,A191,A201,1
<0 DM,21,simdiye odendi,radyo/TV,3357,>=1000 DM,<1 yil,4,A92,A101,2,A123,29,A141,kendi evi,1,vasifli,1,A191,A201,0
<0 DM,24,bu bankada odendi,araba(eski),3632,<100 DM,1-4 yil,1,A92,A103,4,A123,22,A141,kira,1,vasifli,1,A191,A202,0
hesap yok,18,gecmiste gecikme,mobilya,1808,<100 DM,4-7 yil,4,A92,A101,1,A121,22,A143,kendi evi,1,vasifli,1,A191,A201,1
0-200 DM,48,kredi yok/hepsi odendi,is,12204,bilinmiyor,1-4 yil,2,A93,A101,2,A123,48,A141,kendi evi,1,yonetici/uzman,1,A192,A201,0
0-200 DM,60,gecmiste gecikme,radyo/TV,9157,bilinmiyor,1-4 yil,2,A93,A101,2,A124,27,A143,ucretsiz,1,yonetici/uzman,1,A191,A201,0
<0 DM,6,kritik hesap,araba(yeni),3676,<100 DM,1-4 yil,1,A93,A101,3,A121,37,A143,kira,3,vasifli,2,A191,A201,0
0-200 DM,30,simdiye odendi,mobilya,3441,100-500 DM,1-4 yil,2,A92,A102,4,A123,21,A143,kira,1,vasifli,1,A191,A201,1
hesap yok,12,simdiye odendi,araba(yeni),640,<100 DM,1-4 yil,4,A91,A101,2,A121,49,A143,kendi evi,1,vasifsiz-yerlesik,1,A191,A201,0
0-200 DM,21,kritik hesap,is,3652,<100 DM,4-7 yil,2,A93,A101,3,A122,27,A143,kendi evi,2,vasifli,1,A191,A201,0
hesap yok,18,kritik hesap,araba(yeni),1530,<100 DM,1-4 yil,3,A93,A101,2,A122,32,A141,kendi evi,2,vasifli,1,A191,A201,1
hesap yok,48,simdiye odendi,is,3914,bilinmiyor,1-4 yil,4,A91,A101,2,A121,38,A141,kendi evi,1,vasifli,1,A191,A201,1
<0 DM,12,simdiye odendi,mobilya,1858,<100 DM,<1 yil,4,A92,A101,1,A123,22,A143,kira,1,vasifli,1,A191,A201,0
<0 DM,18,simdiye odendi,radyo/TV,2600,<100 DM,1-4 yil,4,A93,A101,4,A124,65,A143,ucretsiz,2,vasifli,1,A191,A201,1
hesap yok,15,simdiye odendi,radyo/TV,1979,bilinmiyor,>=7 yil,4,A93,A101,2,A123,35,A143,kendi evi,1,vasifli,1,A191,A201,0
>=200 DM,6,simdiye odendi,mobilya,2116,<100 DM,1-4 yil,2,A93,A101,2,A121,41,A143,kendi evi,1,vasifli,1,A192,A201,0
0-200 DM,9,bu bankada odendi,araba(yeni),1437,100-500 DM,4-7 yil,2,A93,A101,3,A124,29,A143,kendi evi,1,vasifli,1,A191,A201,1
hesap yok,42,kritik hesap,mobilya,4042,500-1000 DM,1-4 yil,4,A93,A101,4,A121,36,A143,kendi evi,2,vasifli,1,A192,A201,0
hesap yok,9,simdiye odendi,egitim,3832,bilinmiyor,>=7 yil,1,A93,A101,4,A121,64,A143,kendi evi,1,vasifsiz-yerlesik,1,A191,A201,0
<0 DM,24,simdiye odendi,radyo/TV,3660,<100 DM,1-4 yil,2,A92,A101,4,A123,28,A143,kendi evi,1,vasifli,1,A191,A201,0
<0 DM,18,bu bankada odendi,mobilya,1553,<100 DM,1-4 yil,4,A93,A101,3,A123,44,A141,kendi evi,1,vasifli,1,A191,A201,1
0-200 DM,15,simdiye odendi,radyo/TV,1444,bilinmiyor,<1 yil,4,A93,A101,1,A122,23,A143,kendi evi,1,vasifli,1,A191,A201,0
hesap yok,9,simdiye odendi,mobilya,1980,<100 DM,<1 yil,2,A92,A102,2,A123,19,A143,kira,2,vasifli,1,A191,A201,1
0-200 DM,24,simdiye odendi,araba(yeni),1355,<100 DM,<1 yil,3,A92,A101,4,A123,25,A143,kendi evi,1,vasifsiz-yerlesik,1,A192,A201,1
hesap yok,12,simdiye odendi,egitim,1393,<100 DM,>=7 yil,4,A93,A101,4,A122,47,A141,kendi evi,3,vasifli,2,A192,A201,0
hesap yok,24,simdiye odendi,radyo/TV,1376,500-1000 DM,4-7 yil,4,A92,A101,1,A123,28,A143,kendi evi,1,vasifli,1,A191,A201,0
hesap yok,60,gecmiste gecikme,radyo/TV,15653,<100 DM,4-7 yil,2,A93,A101,4,A123,21,A143,kendi evi,2,vasifli,1,A192,A201,0
hesap yok,12,simdiye odendi,radyo/TV,1493,<100 DM,<1 yil,4,A92,A101,3,A123,34,A143,kendi evi,1,vasifli,2,A191,A201,0
<0 DM,42,gecmiste gecikme,radyo/TV,4370,<100 DM,4-7 yil,3,A93,A101,2,A122,26,A141,kendi evi,2,vasifli,2,A192,A201,1
<0 DM,18,simdiye odendi,egitim,750,<100 DM,issiz,4,A92,A101,1,A121,27,A143,kendi evi,1,issiz/vasifsiz,1,A191,A201,1
0-200 DM,15,simdiye odendi,tamirat,1308,<100 DM,>=7 yil,4,A93,A101,4,A123,38,A143,kendi evi,2,vasifsiz-yerlesik,1,A191,A201,0
hesap yok,15,simdiye odendi,egitim,4623,100-500 DM,1-4 yil,3,A93,A101,2,A122,40,A143,kendi evi,1,yonetici/uzman,1,A192,A201,1
hesap yok,24,kritik hesap,radyo/TV,1851,<100 DM,4-7 yil,4,A94,A103,2,A123,33,A143,kendi evi,2,vasifli,1,A192,A201,0
<0 DM,18,kritik hesap,radyo/TV,1880,<100 DM,4-7 yil,4,A94,A101,1,A122,32,A143,kendi evi,2,yonetici/uzman,1,A192,A201,0
hesap yok,36,gecmiste gecikme,is,7980,bilinmiyor,<1 yil,4,A93,A101,4,A123,27,A143,kira,2,vasifli,1,A192,A201,1
<0 DM,30,kredi yok/hepsi odendi,mobilya,4583,<100 DM,1-4 yil,2,A91,A103,2,A121,32,A143,kendi evi,2,vasifli,1,A191,A201,0
hesap yok,12,simdiye odendi,araba(yeni),1386,500-1000 DM,1-4 yil,2,A92,A101,2,A122,26,A143,kendi evi,1,vasifli,1,A191,A201,1
>=200 DM,24,simdiye odendi,araba(yeni),947,<100 DM,4-7 yil,4,A93,A101,3,A124,38,A141,ucretsiz,1,vasifli,2,A191,A201,1
<0 DM,12,simdiye odendi,egitim,684,<100 DM,1-4 yil,4,A93,A101,4,A123,40,A143,kira,1,vasifsiz-yerlesik,2,A191,A201,1
<0 DM,48,simdiye odendi,egitim,7476,<100 DM,4-7 yil,4,A93,A101,1,A124,50,A143,ucretsiz,1,yonetici/uzman,1,A192,A201,0
0-200 DM,12,simdiye odendi,mobilya,1922,<100 DM,1-4 yil,4,A93,A101,2,A122,37,A143,kendi evi,1,vasifsiz-yerlesik,1,A191,A201,1
<0 DM,24,simdiye odendi,araba(yeni),2303,<100 DM,>=7 yil,4,A93,A102,1,A121,45,A143,kendi evi,1,vasifli,1,A191,A201,1
0-200 DM,36,gecmiste gecikme,araba(yeni),8086,100-500 DM,>=7 yil,2,A93,A101,4,A123,42,A143,kendi evi,4,yonetici/uzman,1,A192,A201,1
hesap yok,24,kritik hesap,araba(eski),2346,<100 DM,4-7 yil,4,A93,A101,3,A123,35,A143,kendi evi,2,vasifli,1,A192,A201,0
<0 DM,14,simdiye odendi,araba(yeni),3973,<100 DM,issiz,1,A93,A101,4,A124,22,A143,ucretsiz,1,vasifli,1,A191,A201,0
0-200 DM,12,simdiye odendi,araba(yeni),888,<100 DM,>=7 yil,4,A93,A101,4,A123,41,A141,kendi evi,1,vasifsiz-yerlesik,2,A191,A201,1
hesap yok,48,simdiye odendi,radyo/TV,10222,bilinmiyor,4-7 yil,4,A93,A101,3,A123,37,A142,kendi evi,1,vasifli,1,A192,A201,0
0-200 DM,30,kredi yok/hepsi odendi,is,4221,<100 DM,1-4 yil,2,A92,A101,1,A123,28,A143,kendi evi,2,vasifli,1,A191,A201,0
0-200 DM,18,kritik hesap,mobilya,6361,<100 DM,>=7 yil,2,A93,A101,1,A124,41,A143,kendi evi,1,vasifli,1,A192,A201,0
>=200 DM,12,simdiye odendi,radyo/TV,1297,<100 DM,1-4 yil,3,A94,A101,4,A121,23,A143,kira,1,vasifli,1,A191,A201,0
<0 DM,12,simdiye odendi,araba(yeni),900,bilinmiyor,1-4 yil,4,A94,A101,2,A123,23,A143,kendi evi,1,vasifli,1,A191,A201,1
hesap yok,21,simdiye odendi,mobilya,2241,<100 DM,>=7 yil,4,A93,A101,2,A121,50,A143,kendi evi,2,vasifli,1,A191,A201,0
0-200 DM,6,gecmiste gecikme,mobilya,1050,<100 DM,issiz,4,A93,A101,1,A122,35,A142,kendi evi,2,yonetici/uzman,1,A192,A201,0
>=200 DM,6,kritik hesap,egitim,1047,<100 DM,1-4 yil,2,A92,A101,4,A122,50,A143,kendi evi,1,vasifsiz-yerlesik,1,A191,A201,0
hesap yok,24,kritik hesap,diger,6314,<100 DM,issiz,4,A93,A102,2,A124,27,A141,kendi evi,2,yonetici/uzman,1,A192,A201,0
0-200 DM,30,bu bankada odendi,mobilya,3496,>=1000 DM,1-4 yil,4,A93,A101,2,A123,34,A142,kendi evi,1,vasifli,2,A192,A201,0
hesap yok,48,bu bankada odendi,is,3609,<100 DM,1-4 yil,1,A92,A101,1,A121,27,A142,kendi evi,1,vasifli,1,A191,A201,0
<0 DM,12,kritik hesap,araba(yeni),4843,<100 DM,>=7 yil,3,A93,A102,4,A122,43,A143,kira,2,vasifli,1,A192,A201,1
>=200 DM,30,kritik hesap,radyo/TV,3017,<100 DM,>=7 yil,4,A93,A101,4,A122,47,A143,kendi evi,1,vasifli,1,A191,A201,0
hesap yok,24,kritik hesap,is,4139,100-500 DM,1-4 yil,3,A93,A101,3,A122,27,A143,kendi evi,2,vasifsiz-yerlesik,1,A192,A201,0
hesap yok,36,simdiye odendi,is,5742,100-500 DM,4-7 yil,2,A93,A101,2,A123,31,A143,kendi evi,2,vasifli,1,A192,A201,0
hesap yok,60,simdiye odendi,araba(yeni),10366,<100 DM,>=7 yil,2,A93,A101,4,A122,42,A143,kendi evi,1,yonetici/uzman,1,A192,A201,0
hesap yok,6,kritik hesap,araba(yeni),2080,500-1000 DM,1-4 yil,1,A94,A101,2,A123,24,A143,kendi evi,1,vasifli,1,A191,A201,0
hesap yok,21,gecmiste gecikme,is,2580,500-1000 DM,<1 yil,4,A93,A101,2,A121,41,A141,kendi evi,1,vasifsiz-yerlesik,2,A191,A201,1
hesap yok,30,kritik hesap,radyo/TV,4530,<100 DM,4-7 yil,4,A92,A101,4,A123,26,A143,kira,1,yonetici/uzman,1,A192,A201,0
hesap yok,24,kritik hesap,mobilya,5150,<100 DM,>=7 yil,4,A93,A101,4,A123,33,A143,kendi evi,1,vasifli,1,A192,A201,0
0-200 DM,72,simdiye odendi,radyo/TV,5595,100-500 DM,1-4 yil,2,A94,A101,2,A123,24,A143,kendi evi,1,vasifli,1,A191,A201,1
<0 DM,24,simdiye odendi,radyo/TV,2384,<100 DM,>=7 yil,4,A93,A101,4,A121,64,A141,kira,1,vasifsiz-yerlesik,1,A191,A201,0
hesap yok,18,simdiye odendi,radyo/TV,1453,<100 DM,<1 yil,3,A92,A101,1,A121,26,A143,kendi evi,1,vasifli,1,A191,A201,0
hesap yok,6,simdiye odendi,egitim,1538,<100 DM,<1 yil,1,A92,A101,2,A124,56,A143,kendi evi,1,vasifli,1,A191,A201,0
hesap yok,12,simdiye odendi,radyo/TV,2279,bilinmiyor,1-4 yil,4,A93,A101,4,A124,37,A143,ucretsiz,1,vasifli,1,A192,A201,0
hesap yok,15,gecmiste gecikme,radyo/TV,1478,<100 DM,1-4 yil,4,A94,A101,3,A121,33,A141,kendi evi,2,vasifli,1,A191,A201,0
hesap yok,24,kritik hesap,radyo/TV,5103,<100 DM,<1 yil,3,A94,A101,3,A124,47,A143,ucretsiz,3,vasifli,1,A192,A201,0
0-200 DM,36,gecmiste gecikme,is,9857,100-500 DM,4-7 yil,1,A93,A101,3,A122,31,A143,kendi evi,2,vasifsiz-yerlesik,2,A192,A201,0
hesap yok,60,simdiye odendi,araba(yeni),6527,bilinmiyor,1-4 yil,4,A93,A101,4,A124,34,A143,ucretsiz,1,vasifli,2,A192,A201,0
>=200 DM,10,kritik hesap,radyo/TV,1347,bilinmiyor,4-7 yil,4,A93,A101,2,A122,27,A143,kendi evi,2,vasifli,1,A192,A201,0
0-200 DM,36,gecmiste gecikme,araba(yeni),2862,100-500 DM,>=7 yil,4,A93,A101,3,A124,30,A143,ucretsiz,1,vasifli,1,A191,A201,0
hesap yok,9,simdiye odendi,radyo/TV,2753,100-500 DM,>=7 yil,3,A93,A102,4,A123,35,A143,kendi evi,1,vasifli,1,A192,A201,0
<0 DM,12,simdiye odendi,araba(yeni),3651,>=1000 DM,1-4 yil,1,A93,A101,3,A122,31,A143,kendi evi,1,vasifli,2,A191,A201,0
<0 DM,15,kritik hesap,mobilya,975,<100 DM,1-4 yil,2,A91,A101,3,A122,25,A143,kendi evi,2,vasifli,1,A191,A201,0
0-200 DM,15,simdiye odendi,tamirat,2631,100-500 DM,1-4 yil,3,A92,A101,2,A121,25,A143,kendi evi,1,vasifsiz-yerlesik,1,A191,A201,0
0-200 DM,24,simdiye odendi,radyo/TV,2896,100-500 DM,<1 yil,2,A93,A101,1,A123,29,A143,kendi evi,1,vasifli,1,A191,A201,0
<0 DM,6,kritik hesap,araba(yeni),4716,bilinmiyor,<1 yil,1,A93,A101,3,A121,44,A143,kendi evi,2,vasifsiz-yerlesik,2,A191,A201,0
hesap yok,24,simdiye odendi,radyo/TV,2284,<100 DM,4-7 yil,4,A93,A101,2,A123,28,A143,kendi evi,1,vasifli,1,A192,A201,0
hesap yok,6,simdiye odendi,araba(eski),1236,500-1000 DM,1-4 yil,2,A93,A101,4,A122,50,A143,kira,1,vasifli,1,A191,A201,0
0-200 DM,12,simdiye odendi,radyo/TV,1103,<100 DM,4-7 yil,4,A93,A103,3,A121,29,A143,kendi evi,2,vasifli,1,A191,A202,0
hesap yok,12,kritik hesap,araba(yeni),926,<100 DM,issiz,1,A92,A101,2,A122,38,A143,kendi evi,1,issiz/vasifsiz,1,A191,A201,0
hesap yok,18,kritik hesap,radyo/TV,1800,<100 DM,1-4 yil,4,A93,A101,2,A123,24,A143,kendi evi,2,vasifli,1,A191,A201,0
>=200 DM,15,simdiye odendi,egitim,1905,<100 DM,>=7 yil,4,A93,A101,4,A123,40,A143,kira,1,yonetici/uzman,1,A192,A201,0
hesap yok,12,simdiye odendi,mobilya,1123,500-1000 DM,1-4 yil,4,A92,A101,4,A123,29,A143,kira,1,vasifsiz-yerlesik,1,A191,A201,1
<0 DM,48,kritik hesap,araba(eski),6331,<100 DM,>=7 yil,4,A93,A101,4,A124,46,A143,ucretsiz,2,vasifli,1,A192,A201,1
>=200 DM,24,simdiye odendi,radyo/TV,1377,100-500 DM,>=7 yil,4,A92,A101,2,A124,47,A143,ucretsiz,1,vasifli,1,A192,A201,0
0-200 DM,30,gecmiste gecikme,is,2503,100-500 DM,>=7 yil,4,A93,A101,2,A122,41,A142,kendi evi,2,vasifli,1,A191,A201,0
0-200 DM,27,simdiye odendi,is,2528,<100 DM,<1 yil,4,A92,A101,1,A122,32,A143,kendi evi,1,vasifli,2,A192,A201,0
hesap yok,15,simdiye odendi,araba(yeni),5324,500-1000 DM,>=7 yil,1,A92,A101,4,A124,35,A143,ucretsiz,1,vasifli,1,A191,A201,0
0-200 DM,48,simdiye odendi,araba(yeni),6560,100-500 DM,4-7 yil,3,A93,A101,2,A122,24,A143,kendi evi,1,vasifli,1,A191,A201,1
0-200 DM,12,kredi yok/hepsi odendi,mobilya,2969,<100 DM,<1 yil,4,A92,A101,3,A122,25,A143,kira,2,vasifli,1,A191,A201,1
0-200 DM,9,simdiye odendi,radyo/TV,1206,<100 DM,>=7 yil,4,A92,A101,4,A121,25,A143,kendi evi,1,vasifli,1,A191,A201,0
0-200 DM,9,simdiye odendi,radyo/TV,2118,<100 DM,1-4 yil,2,A93,A101,2,A121,37,A143,kendi evi,1,vasifsiz-yerlesik,2,A191,A201,0
hesap yok,18,kritik hesap,radyo/TV,629,500-1000 DM,>=7 yil,4,A93,A101,3,A122,32,A141,kendi evi,2,yonetici/uzman,1,A192,A201,0
<0 DM,6,bu bankada odendi,egitim,1198,<100 DM,>=7 yil,4,A92,A101,4,A124,35,A143,ucretsiz,1,vasifli,1,A191,A201,1
hesap yok,21,simdiye odendi,araba(eski),2476,bilinmiyor,>=7 yil,4,A93,A101,4,A121,46,A143,kendi evi,1,yonetici/uzman,1,A192,A201,0
<0 DM,9,kritik hesap,radyo/TV,1138,<100 DM,1-4 yil,4,A93,A101,4,A121,25,A143,kendi evi,2,vasifsiz-yerlesik,1,A191,A201,0
0-200 DM,60,simdiye odendi,araba(yeni),14027,<100 DM,4-7 yil,4,A93,A101,2,A124,27,A143,kendi evi,1,yonetici/uzman,1,A192,A201,1
hesap yok,30,kritik hesap,araba(eski),7596,bilinmiyor,>=7 yil,1,A93,A101,4,A123,63,A143,kendi evi,2,vasifli,1,A191,A201,0
hesap yok,30,kritik hesap,radyo/TV,3077,bilinmiyor,>=7 yil,3,A93,A101,2,A123,40,A143,kendi evi,2,vasifli,2,A192,A201,0
hesap yok,18,simdiye odendi,radyo/TV,1505,<100 DM,1-4 yil,4,A93,A101,2,A124,32,A143,ucretsiz,1,yonetici/uzman,1,A192,A201,0
>=200 DM,24,kritik hesap,radyo/TV,3148,bilinmiyor,1-4 yil,3,A93,A101,2,A123,31,A143,kendi evi,2,vasifli,1,A192,A201,0
0-200 DM,20,kredi yok/hepsi odendi,araba(eski),6148,100-500 DM,>=7 yil,3,A94,A101,4,A123,31,A141,kendi evi,2,vasifli,1,A192,A201,0
>=200 DM,9,kredi yok/hepsi odendi,radyo/TV,1337,<100 DM,<1 yil,4,A93,A101,2,A123,34,A143,kendi evi,2,yonetici/uzman,1,A192,A201,1
0-200 DM,6,bu bankada odendi,egitim,433,>=1000 DM,<1 yil,4,A92,A101,2,A122,24,A141,kira,1,vasifli,2,A191,A201,1
<0 DM,12,simdiye odendi,araba(yeni),1228,<100 DM,1-4 yil,4,A92,A101,2,A121,24,A143,kendi evi,1,vasifsiz-yerlesik,1,A191,A201,1
0-200 DM,9,simdiye odendi,radyo/TV,790,500-1000 DM,1-4 yil,4,A92,A101,3,A121,66,A143,kendi evi,1,vasifsiz-yerlesik,1,A191,A201,0
hesap yok,27,simdiye odendi,araba(yeni),2570,<100 DM,1-4 yil,3,A92,A101,3,A121,21,A143,kira,1,vasifli,1,A191,A201,1
hesap yok,6,kritik hesap,araba(yeni),250,>=1000 DM,1-4 yil,2,A92,A101,2,A121,41,A141,kendi evi,2,vasifsiz-yerlesik,1,A191,A201,0
hesap yok,15,kritik hesap,radyo/TV,1316,500-1000 DM,1-4 yil,2,A94,A101,2,A122,47,A143,kendi evi,2,vasifsiz-yerlesik,1,A191,A201,0
<0 DM,18,simdiye odendi,radyo/TV,1882,<100 DM,1-4 yil,4,A92,A101,4,A123,25,A141,kira,2,vasifli,1,A191,A201,1
0-200 DM,48,bu bankada odendi,is,6416,<100 DM,>=7 yil,4,A92,A101,3,A124,59,A143,kira,1,vasifli,1,A191,A201,1
>=200 DM,24,kritik hesap,is,1275,>=1000 DM,1-4 yil,2,A91,A101,4,A121,36,A143,kendi evi,2,vasifli,1,A192,A201,0
0-200 DM,24,gecmiste gecikme,radyo/TV,6403,<100 DM,<1 yil,1,A93,A101,2,A123,33,A143,kendi evi,1,vasifli,1,A191,A201,0
<0 DM,24,simdiye odendi,radyo/TV,1987,<100 DM,1-4 yil,2,A93,A101,4,A121,21,A143,kira,1,vasifsiz-yerlesik,2,A191,A201,1
0-200 DM,8,simdiye odendi,radyo/TV,760,<100 DM,4-7 yil,4,A92,A103,2,A121,44,A143,kendi evi,1,vasifsiz-yerlesik,1,A191,A201,0
hesap yok,24,simdiye odendi,araba(eski),2603,>=1000 DM,1-4 yil,2,A92,A101,4,A123,28,A143,kira,1,vasifli,1,A192,A201,0
hesap yok,4,kritik hesap,araba(yeni),3380,<100 DM,4-7 yil,1,A92,A101,1,A121,37,A143,kendi evi,1,vasifli,2,A191,A201,0
0-200 DM,36,bu bankada odendi,ev aleti,3990,bilinmiyor,<1 yil,3,A92,A101,2,A124,29,A141,kendi evi,1,issiz/vasifsiz,1,A191,A201,0
0-200 DM,24,simdiye odendi,araba(eski),11560,<100 DM,1-4 yil,1,A92,A101,4,A123,23,A143,kira,2,yonetici/uzman,1,A191,A201,1
<0 DM,18,simdiye odendi,araba(yeni),4380,100-500 DM,1-4 yil,3,A93,A101,4,A123,35,A143,kendi evi,1,vasifsiz-yerlesik,2,A192,A201,0
hesap yok,6,kritik hesap,araba(yeni),6761,<100 DM,4-7 yil,1,A93,A101,3,A124,45,A143,kendi evi,2,yonetici/uzman,2,A192,A201,0
0-200 DM,30,kredi yok/hepsi odendi,is,4280,100-500 DM,1-4 yil,4,A92,A101,4,A123,26,A143,kira,2,vasifsiz-yerlesik,1,A191,A201,1
<0 DM,24,bu bankada odendi,araba(yeni),2325,100-500 DM,4-7 yil,2,A93,A101,3,A123,32,A141,kendi evi,1,vasifli,1,A191,A201,0
0-200 DM,10,bu bankada odendi,radyo/TV,1048,<100 DM,1-4 yil,4,A93,A101,4,A121,23,A142,kendi evi,1,vasifsiz-yerlesik,1,A191,A201,0
hesap yok,21,simdiye odendi,radyo/TV,3160,bilinmiyor,>=7 yil,4,A93,A101,3,A122,41,A143,kendi evi,1,vasifli,1,A192,A201,0
<0 DM,24,bu bankada odendi,mobilya,2483,500-1000 DM,1-4 yil,4,A93,A101,4,A121,22,A142,kendi evi,1,vasifli,1,A192,A201,0
<0 DM,39,kritik hesap,mobilya,14179,bilinmiyor,4-7 yil,4,A93,A101,4,A122,30,A143,kendi evi,2,yonetici/uzman,1,A192,A201,0
<0 DM,13,kritik hesap,is,1797,<100 DM,<1 yil,3,A93,A101,1,A122,28,A141,kendi evi,2,vasifsiz-yerlesik,1,A191,A201,0
<0 DM,15,simdiye odendi,araba(yeni),2511,<100 DM,issiz,1,A92,A101,4,A123,23,A143,kira,1,vasifli,1,A191,A201,0
<0 DM,12,simdiye odendi,araba(yeni),1274,<100 DM,<1 yil,3,A92,A101,1,A121,37,A143,kendi evi,1,vasifsiz-yerlesik,1,A191,A201,1
hesap yok,21,simdiye odendi,araba(eski),5248,bilinmiyor,1-4 yil,1,A93,A101,3,A123,26,A143,kendi evi,1,vasifli,1,A191,A201,0
hesap yok,15,simdiye odendi,araba(eski),3029,<100 DM,4-7 yil,2,A93,A101,2,A123,33,A143,kendi evi,1,vasifli,1,A191,A201,0
<0 DM,6,simdiye odendi,mobilya,428,<100 DM,>=7 yil,2,A92,A101,1,A122,49,A141,kendi evi,1,vasifli,1,A192,A201,0
<0 DM,18,simdiye odendi,araba(yeni),976,<100 DM,<1 yil,1,A92,A101,2,A123,23,A143,kendi evi,1,vasifsiz-yerlesik,1,A191,A201,1
0-200 DM,12,simdiye odendi,is,841,100-500 DM,4-7 yil,2,A92,A101,4,A121,23,A143,kira,1,vasifsiz-yerlesik,1,A191,A201,0
hesap yok,30,kritik hesap,radyo/TV,5771,<100 DM,4-7 yil,4,A92,A101,2,A123,25,A143,kendi evi,2,vasifli,1,A191,A201,0
hesap yok,12,gecmiste gecikme,tamirat,1555,>=1000 DM,>=7 yil,4,A93,A101,4,A124,55,A143,ucretsiz,2,vasifli,2,A191,A201,1
<0 DM,24,simdiye odendi,araba(yeni),1285,bilinmiyor,4-7 yil,4,A92,A101,4,A124,32,A143,kira,1,vasifli,1,A191,A201,1
>=200 DM,6,kritik hesap,araba(yeni),1299,<100 DM,1-4 yil,1,A93,A101,1,A121,74,A143,kendi evi,3,issiz/vasifsiz,2,A191,A202,0
>=200 DM,15,kritik hesap,radyo/TV,1271,bilinmiyor,1-4 yil,3,A93,A101,4,A124,39,A143,ucretsiz,2,vasifli,1,A192,A201,1
hesap yok,24,simdiye odendi,araba(yeni),1393,<100 DM,1-4 yil,2,A93,A103,2,A121,31,A143,kendi evi,1,vasifli,1,A192,A201,0
<0 DM,12,kritik hesap,araba(yeni),691,<100 DM,>=7 yil,4,A93,A101,3,A122,35,A143,kendi evi,2,vasifli,1,A191,A201,1
hesap yok,15,kritik hesap,araba(yeni),5045,bilinmiyor,>=7 yil,1,A92,A101,4,A123,59,A143,kendi evi,1,vasifli,1,A192,A201,0
<0 DM,18,kritik hesap,mobilya,2124,<100 DM,1-4 yil,4,A92,A101,4,A121,24,A143,kira,2,vasifli,1,A191,A201,1
<0 DM,12,simdiye odendi,radyo/TV,2214,<100 DM,1-4 yil,4,A93,A101,3,A122,24,A143,kendi evi,1,vasifsiz-yerlesik,1,A191,A201,0
hesap yok,21,kritik hesap,araba(yeni),12680,bilinmiyor,>=7 yil,4,A93,A101,4,A124,30,A143,ucretsiz,1,yonetici/uzman,1,A192,A201,1
hesap yok,24,kritik hesap,araba(yeni),2463,100-500 DM,4-7 yil,4,A94,A101,3,A122,27,A143,kendi evi,2,vasifli,1,A192,A201,0
0-200 DM,12,simdiye odendi,radyo/TV,1155,<100 DM,>=7 yil,3,A94,A103,3,A121,40,A141,kendi evi,2,vasifsiz-yerlesik,1,A191,A201,0
<0 DM,30,simdiye odendi,mobilya,3108,<100 DM,<1 yil,2,A91,A101,4,A122,31,A143,kendi evi,1,vasifsiz-yerlesik,1,A191,A201,1
hesap yok,10,simdiye odendi,araba(eski),2901,bilinmiyor,<1 yil,1,A92,A101,4,A121,31,A143,kira,1,vasifli,1,A191,A201,0
0-200 DM,12,kritik hesap,mobilya,3617,<100 DM,>=7 yil,1,A93,A101,4,A123,28,A143,kira,3,vasifli,1,A192,A201,0
hesap yok,12,kritik hesap,radyo/TV,1655,<100 DM,>=7 yil,2,A93,A101,4,A121,63,A143,kendi evi,2,vasifsiz-yerlesik,1,A192,A201,0
<0 DM,24,simdiye odendi,araba(eski),2812,bilinmiyor,>=7 yil,2,A92,A101,4,A121,26,A143,kira,1,vasifli,1,A191,A201,0
<0 DM,36,kritik hesap,egitim,8065,<100 DM,1-4 yil,3,A92,A101,2,A124,25,A143,kendi evi,2,yonetici/uzman,1,A192,A201,1
hesap yok,21,kritik hesap,araba(eski),3275,<100 DM,>=7 yil,1,A93,A101,4,A123,36,A143,kendi evi,1,yonetici/uzman,1,A192,A201,0
hesap yok,24,kritik hesap,radyo/TV,2223,100-500 DM,>=7 yil,4,A93,A101,4,A122,52,A141,kendi evi,2,vasifli,1,A191,A201,0
>=200 DM,12,kritik hesap,araba(yeni),1480,500-1000 DM,issiz,2,A93,A101,4,A124,66,A141,ucretsiz,3,issiz/vasifsiz,1,A191,A201,0
<0 DM,24,simdiye odendi,araba(yeni),1371,bilinmiyor,1-4 yil,4,A92,A101,4,A121,25,A143,kira,1,vasifli,1,A191,A201,1
hesap yok,36,kritik hesap,araba(yeni),3535,<100 DM,4-7 yil,4,A93,A101,4,A123,37,A143,kendi evi,2,vasifli,1,A192,A201,0
<0 DM,18,simdiye odendi,radyo/TV,3509,<100 DM,4-7 yil,4,A92,A103,1,A121,25,A143,kendi evi,1,vasifli,1,A191,A201,0
hesap yok,36,kritik hesap,araba(eski),5711,>=1000 DM,>=7 yil,4,A93,A101,2,A123,38,A143,kendi evi,2,yonetici/uzman,1,A192,A201,0
0-200 DM,18,simdiye odendi,tamirat,3872,<100 DM,issiz,2,A92,A101,4,A123,67,A143,kendi evi,1,vasifli,1,A192,A201,0
0-200 DM,39,kritik hesap,radyo/TV,4933,<100 DM,4-7 yil,2,A93,A103,2,A121,25,A143,kendi evi,2,vasifli,1,A191,A201,1
hesap yok,24,kritik hesap,araba(yeni),1940,>=1000 DM,>=7 yil,4,A93,A101,4,A121,60,A143,kendi evi,1,vasifli,1,A192,A201,0
0-200 DM,12,kredi yok/hepsi odendi,yeniden egitim,1410,<100 DM,1-4 yil,2,A93,A101,2,A121,31,A143,kendi evi,1,vasifsiz-yerlesik,1,A192,A201,0
0-200 DM,12,simdiye odendi,araba(yeni),836,100-500 DM,<1 yil,4,A92,A101,2,A122,23,A141,kendi evi,1,vasifsiz-yerlesik,1,A191,A201,1
0-200 DM,20,simdiye odendi,araba(eski),6468,bilinmiyor,issiz,1,A91,A101,4,A121,60,A143,kendi evi,1,yonetici/uzman,1,A192,A201,0
0-200 DM,18,simdiye odendi,is,1941,>=1000 DM,1-4 yil,4,A93,A101,2,A122,35,A143,kendi evi,1,vasifsiz-yerlesik,1,A192,A201,0
hesap yok,22,simdiye odendi,radyo/TV,2675,500-1000 DM,>=7 yil,3,A93,A101,4,A123,40,A143,kendi evi,1,vasifli,1,A191,A201,0
hesap yok,48,kritik hesap,araba(eski),2751,bilinmiyor,>=7 yil,4,A93,A101,3,A123,38,A143,kendi evi,2,vasifli,2,A192,A201,0
0-200 DM,48,gecmiste gecikme,egitim,6224,<100 DM,>=7 yil,4,A93,A101,4,A124,50,A143,ucretsiz,1,vasifli,1,A191,A201,1
<0 DM,40,kritik hesap,egitim,5998,<100 DM,1-4 yil,4,A93,A101,3,A124,27,A141,kendi evi,1,vasifli,1,A192,A201,1
0-200 DM,21,simdiye odendi,is,1188,<100 DM,>=7 yil,2,A92,A101,4,A122,39,A143,kendi evi,1,vasifli,2,A191,A201,1
hesap yok,24,simdiye odendi,araba(eski),6313,bilinmiyor,>=7 yil,3,A93,A101,4,A123,41,A143,kendi evi,1,yonetici/uzman,2,A192,A201,0
hesap yok,6,kritik hesap,mobilya,1221,bilinmiyor,1-4 yil,1,A94,A101,2,A122,27,A143,kendi evi,2,vasifli,1,A191,A201,0
>=200 DM,24,simdiye odendi,mobilya,2892,<100 DM,>=7 yil,3,A91,A101,4,A124,51,A143,ucretsiz,1,vasifli,1,A191,A201,0
hesap yok,24,simdiye odendi,mobilya,3062,500-1000 DM,>=7 yil,4,A93,A101,3,A124,32,A143,kira,1,vasifli,1,A192,A201,0
hesap yok,9,simdiye odendi,mobilya,2301,100-500 DM,<1 yil,2,A92,A101,4,A122,22,A143,kira,1,vasifli,1,A191,A201,0
<0 DM,18,simdiye odendi,araba(eski),7511,bilinmiyor,>=7 yil,1,A93,A101,4,A122,51,A143,ucretsiz,1,vasifli,2,A192,A201,1
hesap yok,12,kritik hesap,mobilya,1258,<100 DM,<1 yil,2,A92,A101,4,A122,22,A143,kira,2,vasifsiz-yerlesik,1,A191,A201,0
hesap yok,24,gecmiste gecikme,araba(yeni),717,bilinmiyor,>=7 yil,4,A94,A101,4,A123,54,A143,kendi evi,2,vasifli,1,A192,A201,0
0-200 DM,9,simdiye odendi,araba(yeni),1549,bilinmiyor,<1 yil,4,A93,A101,2,A121,35,A143,kendi evi,1,issiz/vasifsiz,1,A191,A201,0
hesap yok,24,kritik hesap,egitim,1597,<100 DM,>=7 yil,4,A93,A101,4,A124,54,A143,ucretsiz,2,vasifli,2,A191,A201,0
0-200 DM,18,kritik hesap,radyo/TV,1795,<100 DM,>=7 yil,3,A92,A103,4,A121,48,A141,kira,2,vasifsiz-yerlesik,1,A192,A201,0
<0 DM,20,kritik hesap,mobilya,4272,<100 DM,>=7 yil,1,A92,A101,4,A122,24,A143,kendi evi,2,vasifli,1,A191,A201,0
hesap yok,12,kritik hesap,radyo/TV,976,bilinmiyor,>=7 yil,4,A93,A101,4,A123,35,A143,kendi evi,2,vasifli,1,A191,A201,0
0-200 DM,12,simdiye odendi,araba(yeni),7472,bilinmiyor,issiz,1,A92,A101,2,A121,24,A143,kira,1,issiz/vasifsiz,1,A191,A201,0
<0 DM,36,simdiye odendi,araba(yeni),9271,<100 DM,4-7 yil,2,A93,A101,1,A123,24,A143,kendi evi,1,vasifli,1,A192,A201,1
0-200 DM,6,simdiye odendi,radyo/TV,590,<100 DM,<1 yil,3,A94,A101,3,A121,26,A143,kendi evi,1,vasifsiz-yerlesik,1,A191,A202,0
hesap yok,12,kritik hesap,radyo/TV,930,bilinmiyor,>=7 yil,4,A93,A101,4,A121,65,A143,kendi evi,4,vasifli,1,A191,A201,0
0-200 DM,42,bu bankada odendi,araba(eski),9283,<100 DM,issiz,1,A93,A101,2,A124,55,A141,ucretsiz,1,yonetici/uzman,1,A192,A201,0
0-200 DM,15,kredi yok/hepsi odendi,araba(yeni),1778,<100 DM,<1 yil,2,A92,A101,1,A121,26,A143,kira,2,issiz/vasifsiz,1,A191,A201,1
0-200 DM,8,simdiye odendi,is,907,<100 DM,<1 yil,3,A94,A101,2,A121,26,A143,kendi evi,1,vasifli,1,A192,A201,0
0-200 DM,6,simdiye odendi,radyo/TV,484,<100 DM,4-7 yil,3,A94,A103,3,A121,28,A141,kendi evi,1,vasifsiz-yerlesik,1,A191,A201,0
<0 DM,36,kritik hesap,araba(eski),9629,<100 DM,4-7 yil,4,A93,A101,4,A123,24,A143,kendi evi,2,vasifli,1,A192,A201,1
<0 DM,48,simdiye odendi,ev aleti,3051,<100 DM,1-4 yil,3,A93,A101,4,A123,54,A143,kendi evi,1,vasifli,1,A191,A201,1
<0 DM,48,simdiye odendi,araba(yeni),3931,<100 DM,4-7 yil,4,A93,A101,4,A124,46,A143,ucretsiz,1,vasifli,2,A191,A201,1
0-200 DM,36,gecmiste gecikme,araba(yeni),7432,<100 DM,1-4 yil,2,A92,A101,2,A122,54,A143,kira,1,vasifli,1,A191,A201,0
hesap yok,6,simdiye odendi,ev aleti,1338,500-1000 DM,1-4 yil,1,A91,A101,4,A121,62,A143,kendi evi,1,vasifli,1,A191,A201,0
hesap yok,6,kritik hesap,radyo/TV,1554,<100 DM,4-7 yil,1,A92,A101,2,A123,24,A143,kira,2,vasifli,1,A192,A201,0
<0 DM,36,simdiye odendi,diger,15857,<100 DM,issiz,2,A91,A102,3,A123,43,A143,kendi evi,1,yonetici/uzman,1,A191,A201,0
<0 DM,18,simdiye odendi,radyo/TV,1345,<100 DM,1-4 yil,4,A94,A101,3,A121,26,A141,kendi evi,1,vasifli,1,A191,A201,1
hesap yok,12,simdiye odendi,araba(yeni),1101,<100 DM,1-4 yil,3,A94,A101,2,A121,27,A143,kendi evi,2,vasifli,1,A192,A201,0
>=200 DM,12,simdiye odendi,radyo/TV,3016,<100 DM,1-4 yil,3,A94,A101,1,A123,24,A143,kendi evi,1,vasifli,1,A191,A201,0
<0 DM,36,simdiye odendi,mobilya,2712,<100 DM,>=7 yil,2,A93,A101,2,A122,41,A141,kendi evi,1,vasifli,2,A191,A201,1
<0 DM,8,kritik hesap,araba(yeni),731,<100 DM,>=7 yil,4,A93,A101,4,A121,47,A143,kendi evi,2,vasifsiz-yerlesik,1,A191,A201,0
hesap yok,18,kritik hesap,mobilya,3780,<100 DM,<1 yil,3,A91,A101,2,A123,35,A143,kendi evi,2,yonetici/uzman,1,A192,A201,0
<0 DM,21,kritik hesap,araba(yeni),1602,<100 DM,>=7 yil,4,A94,A101,3,A123,30,A143,kendi evi,2,vasifli,1,A192,A201,0
<0 DM,18,kritik hesap,araba(yeni),3966,<100 DM,>=7 yil,1,A92,A101,4,A121,33,A141,kira,3,vasifli,1,A192,A201,1
hesap yok,18,kredi yok/hepsi odendi,is,4165,<100 DM,1-4 yil,2,A93,A101,2,A123,36,A142,kendi evi,2,vasifli,2,A191,A201,1
<0 DM,36,simdiye odendi,araba(eski),8335,bilinmiyor,>=7 yil,3,A93,A101,4,A124,47,A143,ucretsiz,1,vasifli,1,A191,A201,1
0-200 DM,48,gecmiste gecikme,is,6681,bilinmiyor,1-4 yil,4,A93,A101,4,A124,38,A143,ucretsiz,1,vasifli,2,A192,A201,0
hesap yok,24,gecmiste gecikme,is,2375,500-1000 DM,1-4 yil,4,A93,A101,2,A123,44,A143,kendi evi,2,vasifli,2,A192,A201,0
<0 DM,18,simdiye odendi,araba(yeni),1216,<100 DM,<1 yil,4,A92,A101,3,A123,23,A143,kira,1,vasifli,1,A192,A201,1
<0 DM,45,kredi yok/hepsi odendi,is,11816,<100 DM,>=7 yil,2,A93,A101,4,A123,29,A143,kira,2,vasifli,1,A191,A201,1
0-200 DM,24,simdiye odendi,radyo/TV,5084,bilinmiyor,>=7 yil,2,A92,A101,4,A123,42,A143,kendi evi,1,vasifli,1,A192,A201,0
>=200 DM,15,simdiye odendi,radyo/TV,2327,<100 DM,<1 yil,2,A92,A101,3,A121,25,A143,kendi evi,1,vasifsiz-yerlesik,1,A191,A201,1
<0 DM,12,kredi yok/hepsi odendi,araba(yeni),1082,<100 DM,1-4 yil,4,A93,A101,4,A123,48,A141,kendi evi,2,vasifli,1,A191,A201,1
hesap yok,12,simdiye odendi,radyo/TV,886,bilinmiyor,1-4 yil,4,A92,A101,2,A123,21,A143,kendi evi,1,vasifli,1,A191,A201,0
hesap yok,4,simdiye odendi,mobilya,601,<100 DM,<1 yil,1,A92,A101,3,A121,23,A143,kira,1,vasifsiz-yerlesik,2,A191,A201,0
<0 DM,24,kritik hesap,araba(eski),2957,<100 DM,>=7 yil,4,A93,A101,4,A122,63,A143,kendi evi,2,vasifli,1,A192,A201,0
hesap yok,24,kritik hesap,radyo/TV,2611,<100 DM,>=7 yil,4,A94,A102,3,A121,46,A143,kendi evi,2,vasifli,1,A191,A201,0
<0 DM,36,simdiye odendi,mobilya,5179,<100 DM,4-7 yil,4,A93,A101,2,A122,29,A143,kendi evi,1,vasifli,1,A191,A201,1
hesap yok,21,gecmiste gecikme,araba(eski),2993,<100 DM,1-4 yil,3,A93,A101,2,A121,28,A142,kendi evi,2,vasifsiz-yerlesik,1,A191,A201,0
hesap yok,18,simdiye odendi,tamirat,1943,<100 DM,<1 yil,4,A92,A101,4,A121,23,A143,kendi evi,1,vasifli,1,A191,A201,1
hesap yok,24,bu bankada odendi,is,1559,<100 DM,4-7 yil,4,A93,A101,4,A123,50,A141,kendi evi,1,vasifli,1,A192,A201,0
hesap yok,18,simdiye odendi,mobilya,3422,<100 DM,>=7 yil,4,A93,A101,4,A122,47,A141,kendi evi,3,vasifli,2,A192,A201,0
0-200 DM,21,simdiye odendi,mobilya,3976,bilinmiyor,4-7 yil,2,A93,A101,3,A123,35,A143,kendi evi,1,vasifli,1,A192,A201,0
hesap yok,18,simdiye odendi,araba(yeni),6761,bilinmiyor,1-4 yil,2,A93,A101,4,A123,68,A143,kira,2,vasifli,1,A191,A201,1
hesap yok,24,simdiye odendi,araba(yeni),1249,<100 DM,<1 yil,4,A94,A101,2,A121,28,A143,kendi evi,1,vasifli,1,A191,A201,0
<0 DM,9,simdiye odendi,radyo/TV,1364,<100 DM,4-7 yil,3,A93,A101,4,A121,59,A143,kendi evi,1,vasifli,1,A191,A201,0
<0 DM,12,simdiye odendi,radyo/TV,709,<100 DM,>=7 yil,4,A93,A101,4,A121,57,A142,kendi evi,1,vasifsiz-yerlesik,1,A191,A201,1
<0 DM,20,kritik hesap,araba(yeni),2235,<100 DM,1-4 yil,4,A94,A103,2,A122,33,A141,kira,2,vasifli,1,A191,A202,1
hesap yok,24,kritik hesap,araba(eski),4042,bilinmiyor,4-7 yil,3,A93,A101,4,A122,43,A143,kendi evi,2,vasifli,1,A192,A201,0
hesap yok,15,kritik hesap,radyo/TV,1471,<100 DM,1-4 yil,4,A93,A101,4,A124,35,A143,ucretsiz,2,vasifli,1,A192,A201,0
<0 DM,18,bu bankada odendi,araba(yeni),1442,<100 DM,4-7 yil,4,A93,A101,4,A124,32,A143,ucretsiz,2,vasifsiz-yerlesik,2,A191,A201,1
hesap yok,36,gecmiste gecikme,araba(yeni),10875,<100 DM,>=7 yil,2,A93,A101,2,A123,45,A143,kendi evi,2,vasifli,2,A192,A201,0
hesap yok,24,simdiye odendi,araba(yeni),1474,100-500 DM,<1 yil,4,A94,A101,3,A121,33,A143,kendi evi,1,vasifli,1,A192,A201,0
hesap yok,10,simdiye odendi,yeniden egitim,894,bilinmiyor,4-7 yil,4,A92,A101,3,A122,40,A143,kendi evi,1,vasifli,1,A192,A201,0
hesap yok,15,kritik hesap,mobilya,3343,<100 DM,1-4 yil,4,A93,A101,2,A124,28,A143,ucretsiz,1,vasifli,1,A192,A201,0
<0 DM,15,simdiye odendi,araba(yeni),3959,<100 DM,1-4 yil,3,A92,A101,2,A122,29,A143,kendi evi,1,vasifli,1,A192,A201,1
hesap yok,9,simdiye odendi,araba(yeni),3577,100-500 DM,1-4 yil,1,A93,A103,2,A121,26,A143,kira,1,vasifli,2,A191,A202,0
hesap yok,24,kritik hesap,araba(eski),5804,>=1000 DM,1-4 yil,4,A93,A101,2,A121,27,A143,kendi evi,2,vasifli,1,A191,A201,0
hesap yok,18,gecmiste gecikme,is,2169,<100 DM,1-4 yil,4,A94,A101,2,A123,28,A143,kendi evi,1,vasifli,1,A192,A201,1
<0 DM,24,simdiye odendi,radyo/TV,2439,<100 DM,<1 yil,4,A92,A101,4,A121,35,A143,kendi evi,1,vasifli,1,A192,A201,1
hesap yok,27,kritik hesap,mobilya,4526,>=1000 DM,<1 yil,4,A93,A101,2,A121,32,A142,kendi evi,2,vasifsiz-yerlesik,2,A192,A201,0
hesap yok,10,simdiye odendi,mobilya,2210,<100 DM,1-4 yil,2,A93,A101,2,A121,25,A141,kira,1,vasifsiz-yerlesik,1,A191,A201,1
hesap yok,15,simdiye odendi,mobilya,2221,500-1000 DM,1-4 yil,2,A92,A101,4,A123,20,A143,kira,1,vasifli,1,A191,A201,0
<0 DM,18,simdiye odendi,radyo/TV,2389,<100 DM,<1 yil,4,A92,A101,1,A123,27,A142,kendi evi,1,vasifli,1,A191,A201,0
hesap yok,12,kritik hesap,mobilya,3331,<100 DM,>=7 yil,2,A93,A101,4,A122,42,A142,kendi evi,1,vasifli,1,A191,A201,0
hesap yok,36,simdiye odendi,is,7409,bilinmiyor,>=7 yil,3,A93,A101,2,A122,37,A143,kendi evi,2,vasifli,1,A191,A201,0
<0 DM,12,simdiye odendi,mobilya,652,<100 DM,>=7 yil,4,A92,A101,4,A122,24,A143,kira,1,vasifli,1,A191,A201,0
hesap yok,36,gecmiste gecikme,mobilya,7678,500-1000 DM,4-7 yil,2,A92,A101,4,A123,40,A143,kendi evi,2,vasifli,1,A192,A201,0
>=200 DM,6,kritik hesap,araba(yeni),1343,<100 DM,>=7 yil,1,A93,A101,4,A121,46,A143,kendi evi,2,vasifli,2,A191,A202,0
<0 DM,24,kritik hesap,is,1382,100-500 DM,4-7 yil,4,A93,A101,1,A121,26,A143,kendi evi,2,vasifli,1,A192,A201,0
hesap yok,15,simdiye odendi,ev aleti,874,bilinmiyor,<1 yil,4,A92,A101,1,A121,24,A143,kendi evi,1,vasifli,1,A191,A201,0
<0 DM,12,simdiye odendi,mobilya,3590,<100 DM,1-4 yil,2,A93,A102,2,A122,29,A143,kendi evi,1,vasifsiz-yerlesik,2,A191,A201,0
0-200 DM,11,kritik hesap,araba(yeni),1322,>=1000 DM,1-4 yil,4,A92,A101,4,A123,40,A143,kendi evi,2,vasifli,1,A191,A201,0
<0 DM,18,bu bankada odendi,radyo/TV,1940,<100 DM,<1 yil,3,A93,A102,4,A124,36,A141,ucretsiz,1,yonetici/uzman,1,A192,A201,0
hesap yok,36,simdiye odendi,radyo/TV,3595,<100 DM,>=7 yil,4,A93,A101,2,A123,28,A143,kendi evi,1,vasifli,1,A191,A201,0
<0 DM,9,simdiye odendi,araba(yeni),1422,<100 DM,<1 yil,3,A93,A101,2,A124,27,A143,ucretsiz,1,yonetici/uzman,1,A192,A201,1
hesap yok,30,kritik hesap,radyo/TV,6742,bilinmiyor,4-7 yil,2,A93,A101,3,A122,36,A143,kendi evi,2,vasifli,1,A191,A201,0
hesap yok,24,simdiye odendi,araba(eski),7814,<100 DM,4-7 yil,3,A93,A101,3,A123,38,A143,kendi evi,1,yonetici/uzman,1,A192,A201,0
hesap yok,24,simdiye odendi,araba(eski),9277,bilinmiyor,1-4 yil,2,A91,A101,4,A124,48,A143,ucretsiz,1,vasifli,1,A192,A201,0
0-200 DM,30,kritik hesap,araba(yeni),2181,bilinmiyor,>=7 yil,4,A93,A101,4,A121,36,A143,kendi evi,2,vasifli,1,A191,A201,0
hesap yok,18,kritik hesap,radyo/TV,1098,<100 DM,issiz,4,A92,A101,4,A123,65,A143,kendi evi,2,issiz/vasifsiz,1,A191,A201,0
0-200 DM,24,simdiye odendi,mobilya,4057,<100 DM,4-7 yil,3,A91,A101,3,A123,43,A143,kendi evi,1,vasifli,1,A192,A201,1
<0 DM,12,simdiye odendi,egitim,795,<100 DM,<1 yil,4,A92,A101,4,A122,53,A143,kendi evi,1,vasifli,1,A191,A201,1
0-200 DM,24,kritik hesap,is,2825,bilinmiyor,4-7 yil,4,A93,A101,3,A124,34,A143,kendi evi,2,vasifli,2,A192,A201,0
0-200 DM,48,simdiye odendi,is,15672,<100 DM,1-4 yil,2,A93,A101,2,A123,23,A143,kendi evi,1,vasifli,1,A192,A201,1
hesap yok,36,kritik hesap,araba(yeni),6614,<100 DM,>=7 yil,4,A93,A101,4,A123,34,A143,kendi evi,2,yonetici/uzman,1,A192,A201,0
hesap yok,28,bu bankada odendi,araba(eski),7824,bilinmiyor,<1 yil,3,A93,A103,4,A121,40,A141,kira,2,vasifli,2,A192,A201,0
<0 DM,27,kritik hesap,is,2442,<100 DM,>=7 yil,4,A93,A101,4,A123,43,A142,kendi evi,4,yonetici/uzman,2,A192,A201,0
hesap yok,15,kritik hesap,radyo/TV,1829,<100 DM,>=7 yil,4,A93,A101,4,A123,46,A143,kendi evi,2,vasifli,1,A192,A201,0
<0 DM,12,kritik hesap,araba(yeni),2171,<100 DM,1-4 yil,4,A93,A101,4,A122,38,A141,kendi evi,2,vasifsiz-yerlesik,1,A191,A202,0
0-200 DM,36,kritik hesap,araba(eski),5800,<100 DM,1-4 yil,3,A93,A101,4,A123,34,A143,kendi evi,2,vasifli,1,A192,A201,0
hesap yok,18,kritik hesap,radyo/TV,1169,bilinmiyor,1-4 yil,4,A93,A101,3,A122,29,A143,kendi evi,2,vasifli,1,A192,A201,0
hesap yok,36,gecmiste gecikme,araba(eski),8947,bilinmiyor,4-7 yil,3,A93,A101,2,A123,31,A142,kendi evi,1,yonetici/uzman,2,A192,A201,0
<0 DM,21,simdiye odendi,radyo/TV,2606,<100 DM,<1 yil,4,A92,A101,4,A122,28,A143,kira,1,yonetici/uzman,1,A192,A201,0
hesap yok,12,kritik hesap,mobilya,1592,>=1000 DM,4-7 yil,3,A92,A101,2,A122,35,A143,kendi evi,1,vasifli,1,A191,A202,0
hesap yok,15,simdiye odendi,mobilya,2186,bilinmiyor,4-7 yil,1,A92,A101,4,A121,33,A141,kira,1,vasifsiz-yerlesik,1,A191,A201,0
<0 DM,18,simdiye odendi,mobilya,4153,<100 DM,1-4 yil,2,A93,A102,3,A123,42,A143,kendi evi,1,vasifli,1,A191,A201,1
<0 DM,16,kritik hesap,araba(yeni),2625,<100 DM,>=7 yil,2,A93,A103,4,A122,43,A141,kira,1,vasifli,1,A192,A201,1
hesap yok,20,kritik hesap,araba(yeni),3485,bilinmiyor,<1 yil,2,A91,A101,4,A121,44,A143,kendi evi,2,vasifli,1,A192,A201,0
hesap yok,36,kritik hesap,araba(eski),10477,bilinmiyor,>=7 yil,2,A93,A101,4,A124,42,A143,ucretsiz,2,vasifli,1,A191,A201,0
hesap yok,15,simdiye odendi,radyo/TV,1386,bilinmiyor,1-4 yil,4,A94,A101,2,A121,40,A143,kira,1,vasifli,1,A192,A201,0
hesap yok,24,simdiye odendi,radyo/TV,1278,<100 DM,>=7 yil,4,A93,A101,1,A121,36,A143,kendi evi,1,yonetici/uzman,1,A192,A201,0
<0 DM,12,simdiye odendi,radyo/TV,1107,<100 DM,1-4 yil,2,A93,A101,2,A121,20,A143,kira,1,yonetici/uzman,2,A192,A201,0
<0 DM,21,simdiye odendi,araba(yeni),3763,bilinmiyor,4-7 yil,2,A93,A102,2,A121,24,A143,kendi evi,1,vasifsiz-yerlesik,1,A191,A202,0
0-200 DM,36,simdiye odendi,egitim,3711,bilinmiyor,1-4 yil,2,A94,A101,2,A123,27,A143,kendi evi,1,vasifli,1,A191,A201,0
hesap yok,15,gecmiste gecikme,araba(eski),3594,<100 DM,<1 yil,1,A92,A101,2,A122,46,A143,kendi evi,2,vasifsiz-yerlesik,1,A191,A201,0
0-200 DM,9,simdiye odendi,araba(yeni),3195,bilinmiyor,1-4 yil,1,A92,A101,2,A121,33,A143,kendi evi,1,vasifsiz-yerlesik,1,A191,A201,0
hesap yok,36,gecmiste gecikme,radyo/TV,4454,<100 DM,1-4 yil,4,A92,A101,4,A121,34,A143,kendi evi,2,vasifli,1,A191,A201,0
0-200 DM,24,kritik hesap,mobilya,4736,<100 DM,<1 yil,2,A92,A101,4,A123,25,A141,kendi evi,1,vasifsiz-yerlesik,1,A191,A201,1
0-200 DM,30,simdiye odendi,radyo/TV,2991,bilinmiyor,>=7 yil,2,A92,A101,4,A123,25,A143,kendi evi,1,vasifli,1,A191,A201,0
hesap yok,11,simdiye odendi,is,2142,>=1000 DM,>=7 yil,1,A91,A101,2,A121,28,A143,kendi evi,1,vasifli,1,A192,A201,0
<0 DM,24,bu bankada odendi,is,3161,<100 DM,1-4 yil,4,A93,A101,2,A122,31,A143,kira,1,vasifli,1,A192,A201,1
0-200 DM,48,kredi yok/hepsi odendi,diger,18424,<100 DM,1-4 yil,1,A92,A101,2,A122,32,A141,kendi evi,1,yonetici/uzman,1,A192,A202,1
hesap yok,10,simdiye odendi,araba(eski),2848,100-500 DM,1-4 yil,1,A93,A102,2,A121,32,A143,kendi evi,1,vasifli,2,A191,A201,0
<0 DM,6,simdiye odendi,araba(yeni),14896,<100 DM,>=7 yil,1,A93,A101,4,A124,68,A141,kendi evi,1,yonetici/uzman,1,A192,A201,1
<0 DM,24,simdiye odendi,mobilya,2359,100-500 DM,issiz,1,A91,A101,1,A122,33,A143,kendi evi,1,vasifli,1,A191,A201,1
<0 DM,24,simdiye odendi,mobilya,3345,<100 DM,>=7 yil,4,A93,A101,2,A122,39,A143,kira,1,yonetici/uzman,1,A192,A201,1
hesap yok,18,kritik hesap,mobilya,1817,<100 DM,1-4 yil,4,A92,A101,2,A124,28,A143,kendi evi,2,vasifli,1,A191,A201,0
hesap yok,48,gecmiste gecikme,radyo/TV,12749,500-1000 DM,4-7 yil,4,A93,A101,1,A123,37,A143,kendi evi,1,yonetici/uzman,1,A192,A201,0
<0 DM,9,simdiye odendi,radyo/TV,1366,<100 DM,<1 yil,3,A92,A101,4,A122,22,A143,kira,1,vasifli,1,A191,A201,1
0-200 DM,12,simdiye odendi,araba(yeni),2002,<100 DM,4-7 yil,3,A93,A101,4,A122,30,A143,kira,1,vasifli,2,A192,A201,0
<0 DM,24,bu bankada odendi,mobilya,6872,<100 DM,<1 yil,2,A91,A101,1,A122,55,A141,kendi evi,1,vasifli,1,A192,A201,1
<0 DM,12,bu bankada odendi,araba(yeni),697,<100 DM,<1 yil,4,A93,A101,2,A123,46,A141,kendi evi,2,vasifli,1,A192,A201,1
<0 DM,18,kritik hesap,mobilya,1049,<100 DM,<1 yil,4,A92,A101,4,A122,21,A143,kira,1,vasifli,1,A191,A201,0
<0 DM,48,simdiye odendi,araba(eski),10297,<100 DM,4-7 yil,4,A93,A101,4,A124,39,A142,ucretsiz,3,vasifli,2,A192,A201,1
hesap yok,30,simdiye odendi,radyo/TV,1867,bilinmiyor,>=7 yil,4,A93,A101,4,A123,58,A143,kendi evi,1,vasifli,1,A192,A201,0
<0 DM,12,gecmiste gecikme,araba(yeni),1344,<100 DM,1-4 yil,4,A93,A101,2,A121,43,A143,kendi evi,2,vasifsiz-yerlesik,2,A191,A201,0
<0 DM,24,simdiye odendi,mobilya,1747,<100 DM,<1 yil,4,A93,A102,1,A122,24,A143,kendi evi,1,vasifsiz-yerlesik,1,A191,A202,0
0-200 DM,9,simdiye odendi,radyo/TV,1670,<100 DM,<1 yil,4,A92,A101,2,A123,22,A143,kendi evi,1,vasifli,1,A192,A201,1
hesap yok,9,kritik hesap,araba(yeni),1224,<100 DM,1-4 yil,3,A93,A101,1,A121,30,A143,kendi evi,2,vasifli,1,A191,A201,0
hesap yok,12,kritik hesap,radyo/TV,522,500-1000 DM,>=7 yil,4,A93,A101,4,A122,42,A143,kendi evi,2,vasifli,2,A192,A201,0
<0 DM,12,simdiye odendi,radyo/TV,1498,<100 DM,1-4 yil,4,A92,A101,1,A123,23,A141,kendi evi,1,vasifli,1,A191,A201,0
0-200 DM,30,gecmiste gecikme,radyo/TV,1919,100-500 DM,<1 yil,4,A93,A101,3,A124,30,A142,kendi evi,2,yonetici/uzman,1,A191,A201,1
>=200 DM,9,simdiye odendi,radyo/TV,745,<100 DM,1-4 yil,3,A92,A101,2,A121,28,A143,kendi evi,1,vasifsiz-yerlesik,1,A191,A201,1
0-200 DM,6,simdiye odendi,radyo/TV,2063,<100 DM,<1 yil,4,A94,A101,3,A123,30,A143,kira,1,yonetici/uzman,1,A192,A201,0
0-200 DM,60,simdiye odendi,egitim,6288,<100 DM,1-4 yil,4,A93,A101,4,A124,42,A143,ucretsiz,1,vasifli,1,A191,A201,1
hesap yok,24,kritik hesap,araba(eski),6842,bilinmiyor,1-4 yil,2,A93,A101,4,A122,46,A143,kendi evi,2,yonetici/uzman,2,A192,A201,0
hesap yok,12,simdiye odendi,araba(yeni),3527,bilinmiyor,<1 yil,2,A93,A101,3,A122,45,A143,kendi evi,1,yonetici/uzman,2,A192,A201,0
hesap yok,10,simdiye odendi,araba(yeni),1546,<100 DM,1-4 yil,3,A93,A101,2,A121,31,A143,kendi evi,1,vasifsiz-yerlesik,2,A191,A202,0
hesap yok,24,simdiye odendi,mobilya,929,bilinmiyor,4-7 yil,4,A93,A101,2,A123,31,A142,kendi evi,1,vasifli,1,A192,A201,0
hesap yok,4,kritik hesap,araba(yeni),1455,<100 DM,4-7 yil,2,A93,A101,1,A121,42,A143,kendi evi,3,vasifsiz-yerlesik,2,A191,A201,0
<0 DM,15,simdiye odendi,mobilya,1845,<100 DM,<1 yil,4,A92,A103,1,A122,46,A143,kira,1,vasifli,1,A191,A201,0
0-200 DM,48,kredi yok/hepsi odendi,araba(yeni),8358,500-1000 DM,<1 yil,1,A92,A101,1,A123,30,A143,kendi evi,2,vasifli,1,A191,A201,0
<0 DM,24,bu bankada odendi,mobilya,3349,500-1000 DM,<1 yil,4,A93,A101,4,A124,30,A143,ucretsiz,1,vasifli,2,A192,A201,1
hesap yok,12,simdiye odendi,araba(yeni),2859,bilinmiyor,issiz,4,A93,A101,4,A124,38,A143,kendi evi,1,yonetici/uzman,1,A192,A201,0
hesap yok,18,simdiye odendi,mobilya,1533,<100 DM,<1 yil,4,A94,A102,1,A122,43,A143,kendi evi,1,vasifsiz-yerlesik,2,A191,A201,1
hesap yok,24,simdiye odendi,radyo/TV,3621,100-500 DM,>=7 yil,2,A93,A101,4,A123,31,A143,kendi evi,2,vasifli,1,A191,A201,1
0-200 DM,18,kritik hesap,is,3590,<100 DM,issiz,3,A94,A101,3,A123,40,A143,kendi evi,3,issiz/vasifsiz,2,A192,A201,0
<0 DM,36,gecmiste gecikme,is,2145,<100 DM,4-7 yil,2,A93,A101,1,A123,24,A143,kendi evi,2,vasifli,1,A192,A201,1
0-200 DM,24,simdiye odendi,araba(eski),4113,500-1000 DM,<1 yil,3,A92,A101,4,A123,28,A143,kira,1,vasifli,1,A191,A201,1
hesap yok,36,simdiye odendi,mobilya,10974,<100 DM,issiz,4,A92,A101,2,A123,26,A143,kendi evi,2,yonetici/uzman,1,A192,A201,1
<0 DM,12,simdiye odendi,araba(yeni),1893,<100 DM,1-4 yil,4,A92,A103,4,A122,29,A143,kendi evi,1,vasifli,1,A192,A201,0
<0 DM,24,kritik hesap,radyo/TV,1231,>=1000 DM,>=7 yil,4,A92,A101,4,A122,57,A143,kira,2,yonetici/uzman,1,A192,A201,0
>=200 DM,30,kritik hesap,radyo/TV,3656,bilinmiyor,>=7 yil,4,A93,A101,4,A122,49,A142,kendi evi,2,vasifsiz-yerlesik,1,A191,A201,0
0-200 DM,9,kritik hesap,radyo/TV,1154,<100 DM,>=7 yil,2,A93,A101,4,A121,37,A143,kendi evi,3,vasifsiz-yerlesik,1,A191,A201,0
<0 DM,28,simdiye odendi,araba(yeni),4006,<100 DM,1-4 yil,3,A93,A101,2,A123,45,A143,kendi evi,1,vasifsiz-yerlesik,1,A191,A201,1
0-200 DM,24,simdiye odendi,mobilya,3069,100-500 DM,>=7 yil,4,A93,A101,4,A124,30,A143,ucretsiz,1,vasifli,1,A191,A201,0
hesap yok,6,kritik hesap,radyo/TV,1740,<100 DM,>=7 yil,2,A94,A101,2,A121,30,A143,kira,2,vasifli,1,A191,A201,0
0-200 DM,21,gecmiste gecikme,araba(yeni),2353,<100 DM,1-4 yil,1,A91,A101,4,A122,47,A143,kendi evi,2,vasifli,1,A191,A201,0
hesap yok,15,simdiye odendi,araba(yeni),3556,bilinmiyor,1-4 yil,3,A93,A101,2,A124,29,A143,kendi evi,1,vasifli,1,A191,A201,0
hesap yok,24,simdiye odendi,radyo/TV,2397,500-1000 DM,>=7 yil,3,A93,A101,2,A123,35,A141,kendi evi,2,vasifli,1,A192,A201,1
0-200 DM,6,simdiye odendi,tamirat,454,<100 DM,<1 yil,3,A94,A101,1,A122,22,A143,kendi evi,1,vasifsiz-yerlesik,1,A191,A201,0
0-200 DM,30,simdiye odendi,radyo/TV,1715,bilinmiyor,1-4 yil,4,A92,A101,1,A123,26,A143,kendi evi,1,vasifli,1,A191,A201,0
0-200 DM,27,kritik hesap,radyo/TV,2520,500-1000 DM,1-4 yil,4,A93,A101,2,A122,23,A143,kendi evi,2,vasifsiz-yerlesik,1,A191,A201,1
hesap yok,15,simdiye odendi,radyo/TV,3568,<100 DM,>=7 yil,4,A92,A101,2,A123,54,A141,kira,1,yonetici/uzman,1,A192,A201,0
hesap yok,42,simdiye odendi,radyo/TV,7166,bilinmiyor,4-7 yil,2,A94,A101,4,A122,29,A143,kira,1,vasifli,1,A192,A201,0
<0 DM,11,kritik hesap,araba(yeni),3939,<100 DM,1-4 yil,1,A93,A101,2,A121,40,A143,kendi evi,2,vasifsiz-yerlesik,2,A191,A201,0
0-200 DM,15,simdiye odendi,tamirat,1514,100-500 DM,1-4 yil,4,A93,A103,2,A121,22,A143,kendi evi,1,vasifli,1,A191,A201,0
hesap yok,24,simdiye odendi,araba(yeni),7393,<100 DM,1-4 yil,1,A93,A101,4,A122,43,A143,kendi evi,1,vasifsiz-yerlesik,2,A191,A201,0
<0 DM,24,bu bankada odendi,araba(yeni),1193,<100 DM,issiz,1,A92,A102,4,A124,29,A143,kira,2,issiz/vasifsiz,1,A191,A201,1
<0 DM,60,simdiye odendi,is,7297,<100 DM,>=7 yil,4,A93,A102,4,A124,36,A143,kira,1,vasifli,1,A191,A201,1
hesap yok,30,kritik hesap,radyo/TV,2831,<100 DM,1-4 yil,4,A92,A101,2,A123,33,A143,kendi evi,1,vasifli,1,A192,A201,0
>=200 DM,24,simdiye odendi,radyo/TV,1258,500-1000 DM,1-4 yil,3,A92,A101,3,A123,57,A143,kendi evi,1,vasifsiz-yerlesik,1,A191,A201,0
0-200 DM,6,simdiye odendi,radyo/TV,753,<100 DM,1-4 yil,2,A92,A103,3,A121,64,A143,kendi evi,1,vasifli,1,A191,A201,0
0-200 DM,18,gecmiste gecikme,is,2427,bilinmiyor,>=7 yil,4,A93,A101,2,A122,42,A143,kendi evi,2,vasifli,1,A191,A201,0
hesap yok,24,gecmiste gecikme,araba(yeni),2538,<100 DM,>=7 yil,4,A93,A101,4,A123,47,A143,kendi evi,2,vasifsiz-yerlesik,2,A191,A201,1
0-200 DM,15,bu bankada odendi,araba(yeni),1264,100-500 DM,1-4 yil,2,A94,A101,2,A122,25,A143,kira,1,vasifli,1,A191,A201,1
0-200 DM,30,kritik hesap,mobilya,8386,<100 DM,4-7 yil,2,A93,A101,2,A122,49,A143,kendi evi,1,vasifli,1,A191,A201,1
hesap yok,48,simdiye odendi,is,4844,<100 DM,issiz,3,A93,A101,2,A123,33,A141,kira,1,yonetici/uzman,1,A192,A201,1
>=200 DM,21,simdiye odendi,araba(yeni),2923,100-500 DM,1-4 yil,1,A92,A101,1,A123,28,A141,kendi evi,1,yonetici/uzman,1,A192,A201,0
<0 DM,36,simdiye odendi,araba(eski),8229,<100 DM,1-4 yil,2,A93,A101,2,A122,26,A143,kendi evi,1,vasifli,2,A191,A201,1
hesap yok,24,kritik hesap,mobilya,2028,<100 DM,4-7 yil,2,A93,A101,2,A122,30,A143,kendi evi,2,vasifsiz-yerlesik,1,A191,A201,0
<0 DM,15,kritik hesap,mobilya,1433,<100 DM,1-4 yil,4,A92,A101,3,A122,25,A143,kira,2,vasifli,1,A191,A201,0
>=200 DM,42,kredi yok/hepsi odendi,is,6289,<100 DM,<1 yil,2,A91,A101,1,A122,33,A143,kendi evi,2,vasifli,1,A191,A201,0
hesap yok,13,simdiye odendi,radyo/TV,1409,100-500 DM,issiz,2,A92,A101,4,A121,64,A143,kendi evi,1,vasifli,1,A191,A201,0
<0 DM,24,simdiye odendi,araba(eski),6579,<100 DM,issiz,4,A93,A101,2,A124,29,A143,ucretsiz,1,yonetici/uzman,1,A192,A201,0
0-200 DM,24,kritik hesap,radyo/TV,1743,<100 DM,>=7 yil,4,A93,A101,2,A122,48,A143,kendi evi,2,vasifsiz-yerlesik,1,A191,A201,0
hesap yok,12,kritik hesap,egitim,3565,bilinmiyor,<1 yil,2,A93,A101,1,A122,37,A143,kendi evi,2,vasifsiz-yerlesik,2,A191,A201,0
hesap yok,15,bu bankada odendi,radyo/TV,1569,100-500 DM,>=7 yil,4,A93,A101,4,A123,34,A141,kendi evi,1,vasifsiz-yerlesik,2,A191,A201,0
<0 DM,18,simdiye odendi,radyo/TV,1936,bilinmiyor,4-7 yil,2,A94,A101,4,A123,23,A143,kira,2,vasifsiz-yerlesik,1,A191,A201,0
<0 DM,36,simdiye odendi,mobilya,3959,<100 DM,issiz,4,A93,A101,3,A122,30,A143,kendi evi,1,yonetici/uzman,1,A192,A201,0
hesap yok,12,simdiye odendi,araba(yeni),2390,bilinmiyor,>=7 yil,4,A93,A101,3,A123,50,A143,kendi evi,1,vasifli,1,A192,A201,0
hesap yok,12,simdiye odendi,mobilya,1736,<100 DM,4-7 yil,3,A92,A101,4,A121,31,A143,kendi evi,1,vasifsiz-yerlesik,1,A191,A201,0
<0 DM,30,simdiye odendi,araba(eski),3857,<100 DM,1-4 yil,4,A91,A101,4,A122,40,A143,kendi evi,1,yonetici/uzman,1,A192,A201,0
hesap yok,12,simdiye odendi,radyo/TV,804,<100 DM,>=7 yil,4,A93,A101,4,A123,38,A143,kendi evi,1,vasifli,1,A191,A201,0
<0 DM,45,simdiye odendi,radyo/TV,1845,<100 DM,1-4 yil,4,A93,A101,4,A124,23,A143,ucretsiz,1,vasifli,1,A192,A201,1
0-200 DM,45,kritik hesap,araba(eski),4576,100-500 DM,issiz,3,A93,A101,4,A123,27,A143,kendi evi,1,vasifli,1,A191,A201,0
